n,p,K_true,rep,best_k_bic_sites,best_k_bic,secs
30,10,1,1,1,1,5.86
30,10,1,2,1,1,0.00
30,10,1,3,1,1,0.00
30,10,1,4,1,1,0.00
30,10,1,5,1,1,0.00
30,10,1,6,1,1,0.00
30,10,1,7,1,1,0.00
30,10,1,8,1,1,0.00
30,10,1,9,1,1,0.00
30,10,1,10,1,1,0.00
30,10,1,11,1,1,0.00
30,10,1,12,1,1,0.00
30,10,1,13,1,1,0.00
30,10,1,14,1,1,0.00
30,10,1,15,1,1,0.00
30,10,1,16,1,1,0.00
30,10,1,17,1,1,0.00
30,10,1,18,1,1,0.00
30,10,1,19,1,1,0.00
30,10,1,20,1,1,0.00
30,10,1,21,1,1,0.00
30,10,1,22,1,1,0.00
30,10,1,23,1,1,0.00
30,10,1,24,1,1,0.00
30,10,1,25,1,1,0.00
30,10,1,26,1,1,0.00
30,10,1,27,1,1,0.00
30,10,1,28,1,1,0.00
30,10,1,29,1,1,0.00
30,10,1,30,1,1,0.00
30,10,1,31,1,1,0.00
30,10,1,32,1,1,0.00
30,10,1,33,1,1,0.00
30,10,1,34,1,1,0.00
30,10,1,35,1,1,0.00
30,10,1,36,1,1,0.00
30,10,1,37,1,1,0.00
30,10,1,38,1,1,0.00
30,10,1,39,1,1,0.00
30,10,1,40,1,1,0.00
30,10,1,41,1,1,0.05
30,10,1,42,1,1,0.00
30,10,1,43,1,1,0.00
30,10,1,44,1,1,0.00
30,10,1,45,1,1,0.00
30,10,1,46,1,1,0.00
30,10,1,47,1,1,0.00
30,10,1,48,1,1,0.00
30,10,1,49,1,1,0.00
30,10,1,50,1,1,0.00
30,10,1,51,1,1,0.00
30,10,1,52,1,1,0.00
30,10,1,53,1,1,0.00
30,10,1,54,1,1,0.00
30,10,1,55,1,1,0.00
30,10,1,56,1,1,0.00
30,10,1,57,1,1,0.00
30,10,1,58,1,1,0.00
30,10,1,59,1,1,0.00
30,10,1,60,1,1,0.00
30,10,1,61,1,1,0.00
30,10,1,62,1,1,0.00
30,10,1,63,1,1,0.00
30,10,1,64,1,1,0.00
30,10,1,65,1,1,0.00
30,10,1,66,1,1,0.00
30,10,1,67,1,1,0.00
30,10,1,68,1,1,0.00
30,10,1,69,1,1,0.00
30,10,1,70,1,1,0.00
30,10,1,71,1,1,0.00
30,10,1,72,1,1,0.00
30,10,1,73,1,1,0.00
30,10,1,74,1,1,0.00
30,10,1,75,1,1,0.00
30,10,1,76,1,1,0.00
30,10,1,77,1,1,0.00
30,10,1,78,1,1,0.00
30,10,1,79,1,1,0.00
30,10,1,80,1,1,0.00
30,10,1,81,1,1,0.00
30,10,1,82,1,1,0.00
30,10,1,83,1,1,0.00
30,10,1,84,1,1,0.00
30,10,1,85,1,1,0.00
30,10,1,86,1,1,0.00
30,10,1,87,1,1,0.00
30,10,1,88,1,1,0.00
30,10,1,89,1,1,0.00
30,10,1,90,1,1,0.02
30,10,1,91,1,1,0.00
30,10,1,92,1,1,0.00
30,10,1,93,1,1,0.00
30,10,1,94,1,1,0.00
30,10,1,95,1,1,0.00
30,10,1,96,1,1,0.00
30,10,1,97,1,1,0.00
30,10,1,98,1,1,0.00
30,10,1,99,1,1,0.00
30,10,1,100,1,1,0.00
30,10,1,101,1,1,0.00
30,10,1,102,1,1,0.00
30,10,1,103,1,1,0.00
30,10,1,104,1,1,0.00
30,10,1,105,1,1,0.00
30,10,1,106,1,1,0.00
30,10,1,107,1,1,0.00
30,10,1,108,1,1,0.00
30,10,1,109,1,1,0.00
30,10,1,110,1,1,0.00
30,10,1,111,1,1,0.00
30,10,1,112,1,1,0.00
30,10,1,113,1,1,0.00
30,10,1,114,1,1,0.00
30,10,1,115,1,1,0.00
30,10,1,116,1,1,0.00
30,10,1,117,1,1,0.00
30,10,1,118,1,1,0.00
30,10,1,119,1,1,0.00
30,10,1,120,1,1,0.00
30,10,1,121,1,1,0.00
30,10,1,122,1,1,0.00
30,10,1,123,1,1,0.00
30,10,1,124,1,1,0.00
30,10,1,125,1,1,0.00
30,10,1,126,1,1,0.00
30,10,1,127,1,1,0.00
30,10,1,128,1,1,0.00
30,10,1,129,1,1,0.00
30,10,1,130,1,1,0.00
30,10,1,131,1,1,0.00
30,10,1,132,1,1,0.00
30,10,1,133,1,1,0.00
30,10,1,134,1,1,0.00
30,10,1,135,1,1,0.00
30,10,1,136,1,1,0.00
30,10,1,137,1,1,0.00
30,10,1,138,1,1,0.01
30,10,1,139,1,1,0.00
30,10,1,140,1,1,0.00
30,10,1,141,1,1,0.00
30,10,1,142,1,1,0.00
30,10,1,143,1,1,0.00
30,10,1,144,1,1,0.00
30,10,1,145,1,1,0.00
30,10,1,146,1,1,0.00
30,10,1,147,1,1,0.00
30,10,1,148,1,1,0.00
30,10,1,149,1,1,0.00
30,10,1,150,1,1,0.00
30,10,1,151,1,1,0.00
30,10,1,152,1,1,0.00
30,10,1,153,1,1,0.00
30,10,1,154,1,1,0.00
30,10,1,155,1,1,0.00
30,10,1,156,1,1,0.00
30,10,1,157,1,1,0.00
30,10,1,158,1,1,0.00
30,10,1,159,1,1,0.00
30,10,1,160,1,1,0.00
30,10,1,161,1,1,0.00
30,10,1,162,1,1,0.00
30,10,1,163,1,1,0.00
30,10,1,164,1,1,0.00
30,10,1,165,1,1,0.00
30,10,1,166,1,1,0.00
30,10,1,167,1,1,0.00
30,10,1,168,1,1,0.00
30,10,1,169,1,1,0.00
30,10,1,170,1,1,0.00
30,10,1,171,1,1,0.00
30,10,1,172,1,1,0.00
30,10,1,173,1,1,0.00
30,10,1,174,1,1,0.00
30,10,1,175,1,1,0.00
30,10,1,176,1,1,0.00
30,10,1,177,1,1,0.00
30,10,1,178,1,1,0.00
30,10,1,179,1,1,0.00
30,10,1,180,1,1,0.00
30,10,1,181,1,1,0.00
30,10,1,182,1,1,0.00
30,10,1,183,1,1,0.00
30,10,1,184,1,1,0.00
30,10,1,185,1,1,0.00
30,10,1,186,1,1,0.00
30,10,1,187,1,1,0.02
30,10,1,188,1,1,0.00
30,10,1,189,1,1,0.00
30,10,1,190,1,1,0.00
30,10,1,191,1,1,0.00
30,10,1,192,1,1,0.00
30,10,1,193,1,1,0.00
30,10,1,194,1,1,0.00
30,10,1,195,1,1,0.00
30,10,1,196,1,1,0.00
30,10,1,197,1,1,0.00
30,10,1,198,1,1,0.00
30,10,1,199,1,1,0.00
30,10,1,200,1,1,0.00
30,10,2,1,2,2,3.24
30,10,2,2,2,1,0.00
30,10,2,3,1,1,0.00
30,10,2,4,2,1,0.01
30,10,2,5,2,1,0.00
30,10,2,6,2,2,0.01
30,10,2,7,1,1,0.00
30,10,2,8,1,1,0.00
30,10,2,9,2,2,0.00
30,10,2,10,1,1,0.00
30,10,2,11,2,1,0.00
30,10,2,12,2,2,0.00
30,10,2,13,2,2,0.00
30,10,2,14,2,2,0.00
30,10,2,15,2,2,0.00
30,10,2,16,2,2,0.00
30,10,2,17,2,1,0.00
30,10,2,18,2,2,0.00
30,10,2,19,2,2,0.04
30,10,2,20,2,1,0.01
30,10,2,21,2,1,0.00
30,10,2,22,2,2,0.00
30,10,2,23,2,2,0.00
30,10,2,24,2,1,0.00
30,10,2,25,2,1,0.00
30,10,2,26,2,1,0.00
30,10,2,27,2,2,0.00
30,10,2,28,2,2,0.00
30,10,2,29,2,1,0.00
30,10,2,30,2,1,0.00
30,10,2,31,2,2,0.00
30,10,2,32,2,2,0.00
30,10,2,33,1,1,0.00
30,10,2,34,1,1,0.00
30,10,2,35,1,1,0.00
30,10,2,36,2,1,0.00
30,10,2,37,2,1,0.00
30,10,2,38,2,2,0.00
30,10,2,39,1,1,0.00
30,10,2,40,2,1,0.00
30,10,2,41,2,1,0.00
30,10,2,42,1,1,0.00
30,10,2,43,1,1,0.00
30,10,2,44,2,1,0.00
30,10,2,45,1,1,0.00
30,10,2,46,2,2,0.00
30,10,2,47,2,2,0.00
30,10,2,48,2,2,0.00
30,10,2,49,2,2,0.00
30,10,2,50,2,2,0.00
30,10,2,51,2,2,0.00
30,10,2,52,2,1,0.00
30,10,2,53,2,1,0.00
30,10,2,54,2,2,0.00
30,10,2,55,2,2,0.02
30,10,2,56,2,2,0.00
30,10,2,57,2,2,0.00
30,10,2,58,2,1,0.00
30,10,2,59,1,1,0.00
30,10,2,60,2,2,0.00
30,10,2,61,2,2,0.00
30,10,2,62,2,2,0.00
30,10,2,63,2,1,0.00
30,10,2,64,2,2,0.00
30,10,2,65,2,2,0.00
30,10,2,66,2,2,0.00
30,10,2,67,2,2,0.00
30,10,2,68,2,2,0.00
30,10,2,69,2,1,0.00
30,10,2,70,2,2,0.00
30,10,2,71,2,2,0.00
30,10,2,72,1,1,0.00
30,10,2,73,2,1,0.00
30,10,2,74,2,2,0.00
30,10,2,75,1,1,0.00
30,10,2,76,2,1,0.00
30,10,2,77,2,2,0.00
30,10,2,78,2,1,0.00
30,10,2,79,2,1,0.00
30,10,2,80,2,1,0.00
30,10,2,81,2,1,0.00
30,10,2,82,1,1,0.00
30,10,2,83,2,2,0.00
30,10,2,84,1,1,0.01
30,10,2,85,1,1,0.00
30,10,2,86,2,2,0.00
30,10,2,87,2,2,0.00
30,10,2,88,1,1,0.00
30,10,2,89,2,2,0.01
30,10,2,90,2,2,0.00
30,10,2,91,2,1,0.00
30,10,2,92,1,1,0.00
30,10,2,93,2,2,0.00
30,10,2,94,2,2,0.00
30,10,2,95,2,1,0.00
30,10,2,96,2,1,0.00
30,10,2,97,2,2,0.00
30,10,2,98,1,1,0.00
30,10,2,99,1,1,0.00
30,10,2,100,2,2,0.00
30,10,2,101,2,2,0.00
30,10,2,102,2,2,0.00
30,10,2,103,2,1,0.00
30,10,2,104,2,1,0.00
30,10,2,105,1,1,0.00
30,10,2,106,2,1,0.00
30,10,2,107,1,1,0.00
30,10,2,108,2,2,0.00
30,10,2,109,1,1,0.00
30,10,2,110,1,1,0.00
30,10,2,111,2,1,0.00
30,10,2,112,2,1,0.00
30,10,2,113,2,1,0.00
30,10,2,114,1,1,0.00
30,10,2,115,2,2,0.00
30,10,2,116,2,2,0.00
30,10,2,117,2,2,0.00
30,10,2,118,2,1,0.00
30,10,2,119,2,2,0.00
30,10,2,120,2,2,0.00
30,10,2,121,2,2,0.00
30,10,2,122,2,2,0.00
30,10,2,123,1,1,0.01
30,10,2,124,2,2,0.00
30,10,2,125,2,2,0.00
30,10,2,126,2,2,0.00
30,10,2,127,1,1,0.00
30,10,2,128,1,1,0.00
30,10,2,129,2,2,0.00
30,10,2,130,1,1,0.00
30,10,2,131,2,2,0.00
30,10,2,132,2,1,0.00
30,10,2,133,2,1,0.00
30,10,2,134,2,2,0.00
30,10,2,135,1,1,0.00
30,10,2,136,1,1,0.00
30,10,2,137,1,1,0.00
30,10,2,138,2,1,0.00
30,10,2,139,2,1,0.00
30,10,2,140,2,1,0.00
30,10,2,141,2,2,0.00
30,10,2,142,2,1,0.00
30,10,2,143,2,2,0.00
30,10,2,144,1,1,0.00
30,10,2,145,1,1,0.00
30,10,2,146,2,1,0.00
30,10,2,147,2,1,0.00
30,10,2,148,2,1,0.00
30,10,2,149,2,2,0.00
30,10,2,150,2,2,0.00
30,10,2,151,1,1,0.00
30,10,2,152,2,2,0.00
30,10,2,153,2,2,0.00
30,10,2,154,2,2,0.00
30,10,2,155,2,1,0.00
30,10,2,156,2,2,0.00
30,10,2,157,2,2,0.01
30,10,2,158,1,1,0.00
30,10,2,159,2,2,0.00
30,10,2,160,2,1,0.00
30,10,2,161,2,2,0.00
30,10,2,162,1,1,0.00
30,10,2,163,1,1,0.00
30,10,2,164,2,1,0.00
30,10,2,165,2,1,0.00
30,10,2,166,2,1,0.00
30,10,2,167,2,2,0.00
30,10,2,168,2,1,0.00
30,10,2,169,1,1,0.00
30,10,2,170,1,1,0.01
30,10,2,171,2,1,0.00
30,10,2,172,2,1,0.00
30,10,2,173,2,2,0.00
30,10,2,174,2,2,0.00
30,10,2,175,1,1,0.00
30,10,2,176,2,2,0.00
30,10,2,177,2,1,0.00
30,10,2,178,2,2,0.00
30,10,2,179,1,1,0.00
30,10,2,180,2,1,0.00
30,10,2,181,2,2,0.00
30,10,2,182,1,1,0.00
30,10,2,183,2,2,0.00
30,10,2,184,2,2,0.00
30,10,2,185,1,1,0.00
30,10,2,186,1,1,0.00
30,10,2,187,2,2,0.00
30,10,2,188,1,1,0.00
30,10,2,189,2,1,0.00
30,10,2,190,2,1,0.00
30,10,2,191,1,1,0.00
30,10,2,192,2,2,0.01
30,10,2,193,2,2,0.00
30,10,2,194,2,1,0.00
30,10,2,195,2,2,0.00
30,10,2,196,2,2,0.00
30,10,2,197,2,1,0.00
30,10,2,198,2,2,0.00
30,10,2,199,2,2,0.00
30,10,2,200,2,1,0.00
30,10,3,1,3,1,0.00
30,10,3,2,3,2,0.00
30,10,3,3,3,1,0.00
30,10,3,4,3,2,0.00
30,10,3,5,3,1,0.00
30,10,3,6,3,1,0.00
30,10,3,7,2,2,0.00
30,10,3,8,3,2,0.00
30,10,3,9,3,2,0.00
30,10,3,10,2,2,0.00
30,10,3,11,2,2,0.00
30,10,3,12,3,2,0.00
30,10,3,13,2,2,0.00
30,10,3,14,2,2,0.00
30,10,3,15,3,2,0.00
30,10,3,16,3,1,0.00
30,10,3,17,2,1,0.01
30,10,3,18,2,2,0.00
30,10,3,19,3,3,0.01
30,10,3,20,3,3,0.02
30,10,3,21,3,3,0.00
30,10,3,22,3,3,0.00
30,10,3,23,3,3,0.00
30,10,3,24,3,1,0.00
30,10,3,25,3,3,0.00
30,10,3,26,3,3,0.00
30,10,3,27,3,2,0.00
30,10,3,28,3,2,0.01
30,10,3,29,3,1,0.00
30,10,3,30,3,2,0.00
30,10,3,31,2,2,0.00
30,10,3,32,3,3,0.00
30,10,3,33,1,1,0.00
30,10,3,34,3,1,0.00
30,10,3,35,1,1,0.00
30,10,3,36,2,2,0.00
30,10,3,37,3,1,0.00
30,10,3,38,2,2,0.00
30,10,3,39,3,1,0.00
30,10,3,40,3,2,0.00
30,10,3,41,3,2,0.00
30,10,3,42,3,2,0.00
30,10,3,43,2,2,0.00
30,10,3,44,2,2,0.00
30,10,3,45,3,3,0.01
30,10,3,46,2,1,0.00
30,10,3,47,3,2,0.00
30,10,3,48,1,1,0.00
30,10,3,49,3,2,0.00
30,10,3,50,2,1,0.00
30,10,3,51,3,1,0.00
30,10,3,52,3,2,0.00
30,10,3,53,2,2,0.00
30,10,3,54,3,1,0.00
30,10,3,55,3,1,0.00
30,10,3,56,1,1,0.00
30,10,3,57,2,1,0.00
30,10,3,58,2,1,0.00
30,10,3,59,2,1,0.00
30,10,3,60,3,1,0.00
30,10,3,61,2,1,0.00
30,10,3,62,2,2,0.00
30,10,3,63,3,3,0.00
30,10,3,64,3,3,0.00
30,10,3,65,3,3,0.00
30,10,3,66,3,1,0.00
30,10,3,67,2,1,0.00
30,10,3,68,2,1,0.00
30,10,3,69,3,1,0.00
30,10,3,70,3,3,0.00
30,10,3,71,2,2,0.00
30,10,3,72,3,2,0.00
30,10,3,73,2,1,0.00
30,10,3,74,3,3,0.00
30,10,3,75,3,1,0.00
30,10,3,76,2,2,0.00
30,10,3,77,3,2,0.00
30,10,3,78,3,3,0.00
30,10,3,79,2,2,0.00
30,10,3,80,3,1,0.00
30,10,3,81,2,2,0.01
30,10,3,82,2,2,0.00
30,10,3,83,3,3,0.00
30,10,3,84,3,3,0.00
30,10,3,85,2,2,0.00
30,10,3,86,2,2,0.00
30,10,3,87,3,3,0.00
30,10,3,88,2,2,0.00
30,10,3,89,2,1,0.00
30,10,3,90,2,2,0.00
30,10,3,91,1,1,0.00
30,10,3,92,2,2,0.00
30,10,3,93,3,1,0.00
30,10,3,94,3,3,0.00
30,10,3,95,2,2,0.00
30,10,3,96,2,2,0.01
30,10,3,97,3,1,0.00
30,10,3,98,2,2,0.00
30,10,3,99,2,2,0.00
30,10,3,100,2,2,0.00
30,10,3,101,3,3,0.00
30,10,3,102,3,2,0.00
30,10,3,103,2,1,0.00
30,10,3,104,2,2,0.00
30,10,3,105,3,2,0.00
30,10,3,106,3,2,0.00
30,10,3,107,3,2,0.00
30,10,3,108,3,3,0.00
30,10,3,109,3,1,0.00
30,10,3,110,3,3,0.00
30,10,3,111,2,2,0.00
30,10,3,112,3,1,0.00
30,10,3,113,3,3,0.00
30,10,3,114,3,1,0.00
30,10,3,115,2,2,0.00
30,10,3,116,3,2,0.00
30,10,3,117,2,1,0.00
30,10,3,118,2,1,0.00
30,10,3,119,2,2,0.00
30,10,3,120,2,2,0.00
30,10,3,121,1,1,0.00
30,10,3,122,3,1,0.01
30,10,3,123,2,2,0.00
30,10,3,124,2,2,0.00
30,10,3,125,2,2,0.00
30,10,3,126,3,3,0.00
30,10,3,127,3,2,0.00
30,10,3,128,3,1,0.00
30,10,3,129,3,3,0.00
30,10,3,130,3,1,0.00
30,10,3,131,3,3,0.00
30,10,3,132,2,1,0.00
30,10,3,133,3,2,0.00
30,10,3,134,3,3,0.00
30,10,3,135,2,1,0.00
30,10,3,136,3,2,0.00
30,10,3,137,2,1,0.00
30,10,3,138,3,2,0.00
30,10,3,139,3,3,0.00
30,10,3,140,2,1,0.00
30,10,3,141,3,3,0.00
30,10,3,142,2,1,0.00
30,10,3,143,3,3,0.00
30,10,3,144,3,3,0.00
30,10,3,145,1,1,0.01
30,10,3,146,2,2,0.00
30,10,3,147,2,2,0.01
30,10,3,148,2,2,0.00
30,10,3,149,3,1,0.00
30,10,3,150,2,1,0.00
30,10,3,151,1,1,0.00
30,10,3,152,1,1,0.00
30,10,3,153,2,2,0.00
30,10,3,154,3,2,0.00
30,10,3,155,3,3,0.00
30,10,3,156,1,1,0.00
30,10,3,157,3,2,0.00
30,10,3,158,3,2,0.00
30,10,3,159,3,2,0.00
30,10,3,160,3,3,0.00
30,10,3,161,3,1,0.00
30,10,3,162,3,3,0.00
30,10,3,163,2,1,0.00
30,10,3,164,3,3,0.00
30,10,3,165,2,1,0.01
30,10,3,166,3,2,0.00
30,10,3,167,2,1,0.00
30,10,3,168,2,2,0.00
30,10,3,169,2,2,0.00
30,10,3,170,1,1,0.00
30,10,3,171,3,1,0.00
30,10,3,172,3,2,0.00
30,10,3,173,2,1,0.02
30,10,3,174,3,1,0.00
30,10,3,175,2,2,0.00
30,10,3,176,2,1,0.00
30,10,3,177,2,2,0.00
30,10,3,178,3,2,0.00
30,10,3,179,3,1,0.00
30,10,3,180,3,2,0.00
30,10,3,181,3,3,0.00
30,10,3,182,1,1,0.00
30,10,3,183,2,2,0.01
30,10,3,184,3,3,0.00
30,10,3,185,2,2,0.00
30,10,3,186,3,3,0.01
30,10,3,187,2,1,0.00
30,10,3,188,3,1,0.00
30,10,3,189,2,1,0.00
30,10,3,190,1,1,0.00
30,10,3,191,1,1,0.00
30,10,3,192,3,3,0.00
30,10,3,193,3,3,0.00
30,10,3,194,3,3,0.00
30,10,3,195,3,1,0.00
30,10,3,196,3,2,0.00
30,10,3,197,2,1,0.00
30,10,3,198,3,1,0.02
30,10,3,199,2,2,0.00
30,10,3,200,3,2,0.00
30,20,1,1,1,1,3.53
30,20,1,2,1,1,0.01
30,20,1,3,1,1,0.01
30,20,1,4,1,1,0.01
30,20,1,5,1,1,0.01
30,20,1,6,1,1,0.01
30,20,1,7,1,1,0.01
30,20,1,8,1,1,0.01
30,20,1,9,1,1,0.01
30,20,1,10,1,1,0.01
30,20,1,11,1,1,0.01
30,20,1,12,1,1,0.01
30,20,1,13,1,1,0.01
30,20,1,14,1,1,0.02
30,20,1,15,1,1,0.01
30,20,1,16,1,1,0.01
30,20,1,17,1,1,0.01
30,20,1,18,1,1,0.00
30,20,1,19,1,1,0.01
30,20,1,20,1,1,0.01
30,20,1,21,1,1,0.01
30,20,1,22,1,1,0.01
30,20,1,23,1,1,0.01
30,20,1,24,1,1,0.01
30,20,1,25,1,1,0.01
30,20,1,26,1,1,0.01
30,20,1,27,1,1,0.01
30,20,1,28,1,1,0.00
30,20,1,29,1,1,0.01
30,20,1,30,1,1,0.01
30,20,1,31,1,1,0.01
30,20,1,32,1,1,0.01
30,20,1,33,1,1,0.00
30,20,1,34,1,1,0.00
30,20,1,35,1,1,0.00
30,20,1,36,1,1,0.01
30,20,1,37,1,1,0.01
30,20,1,38,1,1,0.01
30,20,1,39,1,1,0.01
30,20,1,40,1,1,0.00
30,20,1,41,1,1,0.01
30,20,1,42,1,1,0.01
30,20,1,43,1,1,0.01
30,20,1,44,1,1,0.01
30,20,1,45,1,1,0.01
30,20,1,46,1,1,0.01
30,20,1,47,1,1,0.00
30,20,1,48,1,1,0.00
30,20,1,49,1,1,0.00
30,20,1,50,1,1,0.01
30,20,1,51,1,1,0.01
30,20,1,52,1,1,0.01
30,20,1,53,1,1,0.01
30,20,1,54,1,1,0.00
30,20,1,55,1,1,0.01
30,20,1,56,1,1,0.01
30,20,1,57,1,1,0.01
30,20,1,58,1,1,0.01
30,20,1,59,1,1,0.00
30,20,1,60,1,1,0.00
30,20,1,61,1,1,0.01
30,20,1,62,1,1,0.00
30,20,1,63,1,1,0.00
30,20,1,64,1,1,0.01
30,20,1,65,1,1,0.01
30,20,1,66,1,1,0.01
30,20,1,67,1,1,0.01
30,20,1,68,1,1,0.01
30,20,1,69,1,1,0.01
30,20,1,70,1,1,0.01
30,20,1,71,1,1,0.00
30,20,1,72,1,1,0.00
30,20,1,73,1,1,0.01
30,20,1,74,1,1,0.01
30,20,1,75,1,1,0.01
30,20,1,76,1,1,0.01
30,20,1,77,1,1,0.01
30,20,1,78,1,1,0.00
30,20,1,79,1,1,0.00
30,20,1,80,1,1,0.00
30,20,1,81,1,1,0.00
30,20,1,82,1,1,0.00
30,20,1,83,1,1,0.00
30,20,1,84,1,1,0.00
30,20,1,85,1,1,0.01
30,20,1,86,1,1,0.01
30,20,1,87,1,1,0.01
30,20,1,88,1,1,0.00
30,20,1,89,1,1,0.00
30,20,1,90,1,1,0.00
30,20,1,91,1,1,0.00
30,20,1,92,1,1,0.00
30,20,1,93,1,1,0.01
30,20,1,94,1,1,0.01
30,20,1,95,1,1,0.01
30,20,1,96,1,1,0.01
30,20,1,97,1,1,0.01
30,20,1,98,1,1,0.00
30,20,1,99,1,1,0.01
30,20,1,100,1,1,0.01
30,20,1,101,1,1,0.01
30,20,1,102,1,1,0.01
30,20,1,103,1,1,0.01
30,20,1,104,1,1,0.01
30,20,1,105,1,1,0.01
30,20,1,106,1,1,0.00
30,20,1,107,1,1,0.01
30,20,1,108,1,1,0.00
30,20,1,109,1,1,0.01
30,20,1,110,1,1,0.00
30,20,1,111,1,1,0.00
30,20,1,112,1,1,0.00
30,20,1,113,1,1,0.01
30,20,1,114,1,1,0.00
30,20,1,115,1,1,0.01
30,20,1,116,1,1,0.01
30,20,1,117,1,1,0.01
30,20,1,118,1,1,0.01
30,20,1,119,1,1,0.01
30,20,1,120,1,1,0.00
30,20,1,121,1,1,0.00
30,20,1,122,1,1,0.00
30,20,1,123,1,1,0.00
30,20,1,124,1,1,0.01
30,20,1,125,1,1,0.00
30,20,1,126,1,1,0.01
30,20,1,127,1,1,0.01
30,20,1,128,1,1,0.01
30,20,1,129,1,1,0.01
30,20,1,130,1,1,0.01
30,20,1,131,1,1,0.01
30,20,1,132,1,1,0.01
30,20,1,133,1,1,0.01
30,20,1,134,1,1,0.01
30,20,1,135,1,1,0.00
30,20,1,136,1,1,0.00
30,20,1,137,1,1,0.01
30,20,1,138,1,1,0.00
30,20,1,139,1,1,0.00
30,20,1,140,1,1,0.01
30,20,1,141,1,1,0.01
30,20,1,142,1,1,0.01
30,20,1,143,1,1,0.01
30,20,1,144,1,1,0.01
30,20,1,145,1,1,0.01
30,20,1,146,1,1,0.01
30,20,1,147,1,1,0.01
30,20,1,148,1,1,0.01
30,20,1,149,1,1,0.01
30,20,1,150,1,1,0.01
30,20,1,151,1,1,0.00
30,20,1,152,1,1,0.00
30,20,1,153,1,1,0.01
30,20,1,154,1,1,0.01
30,20,1,155,1,1,0.00
30,20,1,156,1,1,0.00
30,20,1,157,1,1,0.01
30,20,1,158,1,1,0.00
30,20,1,159,1,1,0.01
30,20,1,160,1,1,0.01
30,20,1,161,1,1,0.00
30,20,1,162,1,1,0.01
30,20,1,163,1,1,0.01
30,20,1,164,1,1,0.00
30,20,1,165,1,1,0.01
30,20,1,166,1,1,0.00
30,20,1,167,1,1,0.00
30,20,1,168,1,1,0.00
30,20,1,169,1,1,0.00
30,20,1,170,1,1,0.00
30,20,1,171,1,1,0.00
30,20,1,172,1,1,0.00
30,20,1,173,1,1,0.00
30,20,1,174,1,1,0.00
30,20,1,175,1,1,0.01
30,20,1,176,1,1,0.00
30,20,1,177,1,1,0.00
30,20,1,178,1,1,0.01
30,20,1,179,1,1,0.00
30,20,1,180,1,1,0.01
30,20,1,181,1,1,0.01
30,20,1,182,1,1,0.01
30,20,1,183,1,1,0.01
30,20,1,184,1,1,0.00
30,20,1,185,1,1,0.00
30,20,1,186,1,1,0.00
30,20,1,187,1,1,0.00
30,20,1,188,1,1,0.01
30,20,1,189,1,1,0.01
30,20,1,190,1,1,0.00
30,20,1,191,1,1,0.01
30,20,1,192,1,1,0.01
30,20,1,193,1,1,0.01
30,20,1,194,1,1,0.01
30,20,1,195,1,1,0.00
30,20,1,196,1,1,0.00
30,20,1,197,1,1,0.00
30,20,1,198,1,1,0.01
30,20,1,199,1,1,0.00
30,20,1,200,1,1,0.01
30,20,2,1,2,2,0.01
30,20,2,2,2,2,0.01
30,20,2,3,2,1,0.02
30,20,2,4,2,2,0.01
30,20,2,5,2,2,0.01
30,20,2,6,2,1,0.01
30,20,2,7,2,2,0.01
30,20,2,8,2,2,0.01
30,20,2,9,2,2,0.01
30,20,2,10,2,2,0.01
30,20,2,11,2,2,0.01
30,20,2,12,2,1,0.01
30,20,2,13,2,1,0.01
30,20,2,14,2,2,0.01
30,20,2,15,2,2,0.01
30,20,2,16,2,1,0.01
30,20,2,17,2,1,0.01
30,20,2,18,2,1,0.01
30,20,2,19,2,1,0.01
30,20,2,20,2,2,0.01
30,20,2,21,2,2,0.01
30,20,2,22,2,2,0.01
30,20,2,23,2,2,0.02
30,20,2,24,2,1,0.01
30,20,2,25,2,2,0.01
30,20,2,26,2,1,0.01
30,20,2,27,2,2,0.01
30,20,2,28,2,2,0.01
30,20,2,29,2,2,0.01
30,20,2,30,2,2,0.01
30,20,2,31,2,1,0.01
30,20,2,32,2,1,0.01
30,20,2,33,2,2,0.02
30,20,2,34,2,2,0.01
30,20,2,35,2,2,0.01
30,20,2,36,2,2,0.01
30,20,2,37,2,2,0.01
30,20,2,38,2,1,0.01
30,20,2,39,2,2,0.01
30,20,2,40,2,2,0.01
30,20,2,41,2,2,0.01
30,20,2,42,2,2,0.01
30,20,2,43,2,2,0.02
30,20,2,44,2,2,0.01
30,20,2,45,2,2,0.01
30,20,2,46,2,1,0.01
30,20,2,47,2,1,0.01
30,20,2,48,2,2,0.01
30,20,2,49,2,2,0.01
30,20,2,50,2,2,0.01
30,20,2,51,1,1,0.01
30,20,2,52,2,2,0.01
30,20,2,53,2,1,0.02
30,20,2,54,2,2,0.01
30,20,2,55,2,2,0.01
30,20,2,56,2,2,0.01
30,20,2,57,2,2,0.01
30,20,2,58,2,2,0.01
30,20,2,59,2,2,0.01
30,20,2,60,2,1,0.01
30,20,2,61,2,2,0.01
30,20,2,62,2,2,0.01
30,20,2,63,2,2,0.01
30,20,2,64,2,2,0.01
30,20,2,65,2,2,0.01
30,20,2,66,2,2,0.01
30,20,2,67,2,2,0.01
30,20,2,68,2,2,0.01
30,20,2,69,2,2,0.01
30,20,2,70,2,2,0.01
30,20,2,71,2,1,0.01
30,20,2,72,2,2,0.02
30,20,2,73,2,2,0.01
30,20,2,74,2,2,0.01
30,20,2,75,2,2,0.01
30,20,2,76,2,2,0.01
30,20,2,77,2,2,0.01
30,20,2,78,2,1,0.01
30,20,2,79,2,2,0.01
30,20,2,80,2,2,0.01
30,20,2,81,2,2,0.01
30,20,2,82,2,1,0.02
30,20,2,83,2,2,0.01
30,20,2,84,2,2,0.02
30,20,2,85,2,2,0.01
30,20,2,86,2,2,0.02
30,20,2,87,2,2,0.01
30,20,2,88,2,2,0.01
30,20,2,89,2,2,0.01
30,20,2,90,2,2,0.01
30,20,2,91,2,2,0.01
30,20,2,92,2,2,0.02
30,20,2,93,2,2,0.01
30,20,2,94,2,2,0.01
30,20,2,95,2,1,0.01
30,20,2,96,2,1,0.01
30,20,2,97,2,1,0.02
30,20,2,98,2,2,0.01
30,20,2,99,2,2,0.01
30,20,2,100,2,2,0.01
30,20,2,101,2,2,0.01
30,20,2,102,2,2,0.04
30,20,2,103,2,2,0.01
30,20,2,104,2,2,0.01
30,20,2,105,2,2,0.01
30,20,2,106,2,2,0.01
30,20,2,107,2,1,0.01
30,20,2,108,2,2,0.01
30,20,2,109,2,1,0.01
30,20,2,110,2,1,0.01
30,20,2,111,2,2,0.01
30,20,2,112,2,2,0.01
30,20,2,113,2,1,0.01
30,20,2,114,2,2,0.01
30,20,2,115,2,1,0.01
30,20,2,116,2,1,0.01
30,20,2,117,2,2,0.01
30,20,2,118,2,2,0.01
30,20,2,119,2,2,0.01
30,20,2,120,2,2,0.01
30,20,2,121,2,2,0.01
30,20,2,122,2,1,0.01
30,20,2,123,2,2,0.01
30,20,2,124,2,2,0.01
30,20,2,125,2,2,0.01
30,20,2,126,2,2,0.01
30,20,2,127,2,2,0.01
30,20,2,128,2,2,0.01
30,20,2,129,2,1,0.02
30,20,2,130,2,1,0.01
30,20,2,131,2,2,0.01
30,20,2,132,2,1,0.01
30,20,2,133,2,2,0.01
30,20,2,134,2,2,0.01
30,20,2,135,2,2,0.01
30,20,2,136,2,2,0.01
30,20,2,137,2,2,0.01
30,20,2,138,2,2,0.01
30,20,2,139,2,2,0.01
30,20,2,140,2,2,0.01
30,20,2,141,2,2,0.01
30,20,2,142,2,2,0.02
30,20,2,143,2,2,0.01
30,20,2,144,2,2,0.01
30,20,2,145,2,1,0.01
30,20,2,146,2,1,0.01
30,20,2,147,2,2,0.01
30,20,2,148,2,1,0.01
30,20,2,149,2,2,0.01
30,20,2,150,2,1,0.01
30,20,2,151,2,2,0.01
30,20,2,152,2,1,0.01
30,20,2,153,2,2,0.01
30,20,2,154,2,2,0.01
30,20,2,155,2,2,0.01
30,20,2,156,2,2,0.01
30,20,2,157,2,2,0.01
30,20,2,158,2,2,0.01
30,20,2,159,2,2,0.01
30,20,2,160,2,2,0.01
30,20,2,161,2,1,0.01
30,20,2,162,2,2,0.01
30,20,2,163,2,2,0.01
30,20,2,164,2,2,0.01
30,20,2,165,2,2,0.01
30,20,2,166,2,2,0.01
30,20,2,167,2,2,0.01
30,20,2,168,2,1,0.01
30,20,2,169,2,2,0.01
30,20,2,170,2,2,0.01
30,20,2,171,2,2,0.01
30,20,2,172,2,1,0.02
30,20,2,173,2,2,0.01
30,20,2,174,2,2,0.01
30,20,2,175,2,1,0.01
30,20,2,176,2,2,0.01
30,20,2,177,1,1,0.01
30,20,2,178,2,2,0.01
30,20,2,179,2,2,0.01
30,20,2,180,2,2,0.01
30,20,2,181,2,2,0.01
30,20,2,182,2,2,0.02
30,20,2,183,2,1,0.01
30,20,2,184,2,2,0.01
30,20,2,185,2,2,0.01
30,20,2,186,2,1,0.01
30,20,2,187,2,2,0.01
30,20,2,188,2,2,0.01
30,20,2,189,2,2,0.01
30,20,2,190,2,2,0.01
30,20,2,191,2,2,0.01
30,20,2,192,2,2,0.02
30,20,2,193,2,2,0.01
30,20,2,194,2,2,0.01
30,20,2,195,2,2,0.01
30,20,2,196,2,2,0.01
30,20,2,197,2,2,0.01
30,20,2,198,2,2,0.01
30,20,2,199,2,1,0.01
30,20,2,200,2,2,0.01
30,20,3,1,3,3,0.01
30,20,3,2,3,2,0.02
30,20,3,3,3,2,0.01
30,20,3,4,3,3,0.01
30,20,3,5,2,2,0.01
30,20,3,6,3,1,0.01
30,20,3,7,3,2,0.01
30,20,3,8,3,2,0.01
30,20,3,9,3,1,0.03
30,20,3,10,3,3,0.01
30,20,3,11,3,3,0.01
30,20,3,12,3,3,0.01
30,20,3,13,3,1,0.01
30,20,3,14,3,2,0.01
30,20,3,15,2,1,0.01
30,20,3,16,3,2,0.02
30,20,3,17,3,3,0.01
30,20,3,18,3,2,0.01
30,20,3,19,3,2,0.02
30,20,3,20,3,2,0.01
30,20,3,21,3,3,0.02
30,20,3,22,3,2,0.01
30,20,3,23,3,3,0.01
30,20,3,24,3,2,0.04
30,20,3,25,3,3,0.02
30,20,3,26,3,3,0.02
30,20,3,27,3,2,0.03
30,20,3,28,3,3,0.01
30,20,3,29,3,3,0.01
30,20,3,30,3,3,0.01
30,20,3,31,3,3,0.02
30,20,3,32,3,2,0.01
30,20,3,33,3,3,0.01
30,20,3,34,3,2,0.01
30,20,3,35,3,3,0.01
30,20,3,36,3,3,0.01
30,20,3,37,3,3,0.02
30,20,3,38,3,2,0.02
30,20,3,39,2,2,0.01
30,20,3,40,3,3,0.01
30,20,3,41,3,2,0.01
30,20,3,42,3,3,0.01
30,20,3,43,3,2,0.01
30,20,3,44,3,3,0.01
30,20,3,45,3,2,0.01
30,20,3,46,3,2,0.02
30,20,3,47,3,3,0.01
30,20,3,48,3,3,0.01
30,20,3,49,3,2,0.01
30,20,3,50,3,3,0.01
30,20,3,51,3,2,0.01
30,20,3,52,3,3,0.01
30,20,3,53,3,3,0.02
30,20,3,54,3,2,0.01
30,20,3,55,3,3,0.01
30,20,3,56,3,1,0.02
30,20,3,57,3,3,0.01
30,20,3,58,3,3,0.01
30,20,3,59,3,3,0.01
30,20,3,60,3,3,0.02
30,20,3,61,2,1,0.01
30,20,3,62,3,3,0.01
30,20,3,63,3,2,0.01
30,20,3,64,3,3,0.01
30,20,3,65,3,1,0.01
30,20,3,66,3,3,0.01
30,20,3,67,3,1,0.01
30,20,3,68,2,2,0.02
30,20,3,69,3,1,0.01
30,20,3,70,3,1,0.01
30,20,3,71,3,2,0.01
30,20,3,72,3,2,0.01
30,20,3,73,3,3,0.01
30,20,3,74,3,3,0.01
30,20,3,75,3,3,0.02
30,20,3,76,3,3,0.01
30,20,3,77,2,1,0.01
30,20,3,78,3,3,0.01
30,20,3,79,3,3,0.01
30,20,3,80,3,3,0.01
30,20,3,81,3,1,0.01
30,20,3,82,3,1,0.02
30,20,3,83,3,2,0.01
30,20,3,84,3,3,0.01
30,20,3,85,3,3,0.01
30,20,3,86,3,1,0.01
30,20,3,87,3,3,0.01
30,20,3,88,3,2,0.01
30,20,3,89,3,2,0.01
30,20,3,90,3,3,0.02
30,20,3,91,3,1,0.01
30,20,3,92,2,2,0.01
30,20,3,93,3,1,0.01
30,20,3,94,3,2,0.01
30,20,3,95,3,2,0.01
30,20,3,96,3,3,0.01
30,20,3,97,3,1,0.02
30,20,3,98,3,2,0.01
30,20,3,99,3,3,0.01
30,20,3,100,3,1,0.01
30,20,3,101,3,3,0.01
30,20,3,102,3,2,0.01
30,20,3,103,3,3,0.01
30,20,3,104,3,3,0.02
30,20,3,105,3,2,0.01
30,20,3,106,3,3,0.01
30,20,3,107,3,2,0.01
30,20,3,108,3,3,0.01
30,20,3,109,3,2,0.01
30,20,3,110,2,2,0.01
30,20,3,111,3,3,0.01
30,20,3,112,3,2,0.02
30,20,3,113,3,2,0.01
30,20,3,114,3,2,0.01
30,20,3,115,3,2,0.01
30,20,3,116,3,2,0.01
30,20,3,117,3,3,0.01
30,20,3,118,3,3,0.01
30,20,3,119,3,2,0.02
30,20,3,120,3,3,0.01
30,20,3,121,3,3,0.01
30,20,3,122,2,2,0.01
30,20,3,123,3,2,0.01
30,20,3,124,3,2,0.01
30,20,3,125,3,2,0.01
30,20,3,126,3,1,0.02
30,20,3,127,3,3,0.01
30,20,3,128,3,1,0.01
30,20,3,129,3,3,0.01
30,20,3,130,3,3,0.01
30,20,3,131,3,3,0.01
30,20,3,132,3,2,0.01
30,20,3,133,3,3,0.01
30,20,3,134,3,2,0.02
30,20,3,135,3,3,0.01
30,20,3,136,3,3,0.01
30,20,3,137,3,2,0.01
30,20,3,138,3,3,0.01
30,20,3,139,3,2,0.01
30,20,3,140,3,1,0.01
30,20,3,141,3,1,0.02
30,20,3,142,3,2,0.01
30,20,3,143,3,1,0.01
30,20,3,144,3,3,0.01
30,20,3,145,3,2,0.01
30,20,3,146,2,2,0.01
30,20,3,147,3,2,0.01
30,20,3,148,3,2,0.02
30,20,3,149,3,1,0.01
30,20,3,150,3,2,0.01
30,20,3,151,3,2,0.01
30,20,3,152,3,3,0.01
30,20,3,153,3,2,0.01
30,20,3,154,3,3,0.01
30,20,3,155,3,3,0.01
30,20,3,156,3,3,0.02
30,20,3,157,3,3,0.01
30,20,3,158,3,1,0.01
30,20,3,159,3,2,0.01
30,20,3,160,3,3,0.01
30,20,3,161,3,2,0.01
30,20,3,162,3,1,0.01
30,20,3,163,2,2,0.02
30,20,3,164,3,3,0.01
30,20,3,165,3,3,0.01
30,20,3,166,3,3,0.01
30,20,3,167,3,1,0.01
30,20,3,168,3,3,0.01
30,20,3,169,3,3,0.01
30,20,3,170,3,1,0.02
30,20,3,171,3,2,0.01
30,20,3,172,3,2,0.01
30,20,3,173,3,2,0.01
30,20,3,174,3,2,0.01
30,20,3,175,3,2,0.01
30,20,3,176,3,3,0.01
30,20,3,177,3,3,0.01
30,20,3,178,3,3,0.02
30,20,3,179,3,2,0.01
30,20,3,180,2,1,0.01
30,20,3,181,3,2,0.01
30,20,3,182,3,1,0.01
30,20,3,183,3,2,0.01
30,20,3,184,3,3,0.01
30,20,3,185,3,1,0.02
30,20,3,186,3,3,0.01
30,20,3,187,3,2,0.01
30,20,3,188,3,2,0.01
30,20,3,189,3,3,0.01
30,20,3,190,3,3,0.01
30,20,3,191,3,3,0.01
30,20,3,192,3,3,0.02
30,20,3,193,3,2,0.01
30,20,3,194,3,2,0.01
30,20,3,195,3,3,0.01
30,20,3,196,2,2,0.01
30,20,3,197,3,3,0.01
30,20,3,198,3,3,0.01
30,20,3,199,3,2,0.01
30,20,3,200,3,2,0.02
