label,data,n,p,K_true,rep,best_k,secs
new,centred,30,10,2,1,2,9.48
new,centred,30,10,2,2,2,0.00
new,centred,30,10,2,3,1,0.00
new,centred,30,10,2,4,2,0.00
new,centred,30,10,2,5,2,0.00
new,centred,30,10,2,6,2,0.00
new,centred,30,10,2,7,1,0.00
new,centred,30,10,2,8,1,0.00
new,centred,30,10,2,9,2,0.00
new,centred,30,10,2,10,1,0.00
new,centred,60,20,3,1,3,3.17
new,centred,60,20,3,2,3,0.04
new,centred,60,20,3,3,3,0.02
new,centred,60,20,3,4,3,0.03
new,centred,60,20,3,5,3,0.02
new,centred,60,20,3,6,3,0.03
new,centred,60,20,3,7,3,0.02
new,centred,60,20,3,8,3,0.02
new,centred,60,20,3,9,3,0.02
new,centred,60,20,3,10,3,0.03
new,centred,120,10,1,1,1,0.00
new,centred,120,10,1,2,1,0.01
new,centred,120,10,1,3,1,0.01
new,centred,120,10,1,4,1,0.01
new,centred,120,10,1,5,1,0.01
new,centred,120,10,1,6,1,0.01
new,centred,120,10,1,7,1,0.01
new,centred,120,10,1,8,1,0.01
new,centred,120,10,1,9,1,0.00
new,centred,120,10,1,10,1,0.01
new,centred,120,20,2,1,2,0.03
new,centred,120,20,2,2,2,0.03
new,centred,120,20,2,3,2,0.03
new,centred,120,20,2,4,2,0.04
new,centred,120,20,2,5,2,0.03
new,centred,120,20,2,6,2,0.03
new,centred,120,20,2,7,2,0.04
new,centred,120,20,2,8,2,0.03
new,centred,120,20,2,9,2,0.03
new,centred,120,20,2,10,2,0.04
new,centred,300,20,3,1,3,0.09
new,centred,300,20,3,2,3,0.09
new,centred,300,20,3,3,3,0.09
new,centred,300,20,3,4,3,0.10
new,centred,300,20,3,5,3,0.11
new,centred,300,20,3,6,3,0.11
new,centred,300,20,3,7,3,0.09
new,centred,300,20,3,8,3,0.09
new,centred,300,20,3,9,3,0.10
new,centred,300,20,3,10,3,0.11
