"n","p","K_true","rep","ridge","selected","statuses","secs"
60,10,1,1,Inf,1,"ok/ok/ok/ok",10.6164031028748
60,10,1,1,2,1,"ok/ok/ok/ok",3.84021306037903
60,10,1,2,Inf,1,"ok/ok/ok/ok",2.82433295249939
60,10,1,2,2,1,"ok/ok/ok/ok",3.05876898765564
60,10,1,3,Inf,NA,"ERROR No `d` in 1:4 was accepted by the guard.
ℹ d = 1: runaway (latent SD 92.5 on the link scale for trait 2 (> 10)); d = 2:
  runaway (latent SD 878 on the link scale for trait 2 (> 10)); d = 3: runaway
  (latent SD 980 on the link scale for trait 2 (> 10)); d = 4: runaway (latent
  SD 119 on the link scale for trait 2 (> 10))",26.5465700626373
60,10,1,3,2,1,"ok/ok/ok/ok",5.20738291740417
60,10,1,4,Inf,1,"ok/ok/runaway/runaway",38.5812199115753
60,10,1,4,2,1,"ok/ok/ok/ok",3.79330205917358
60,10,1,5,Inf,1,"ok/runaway/runaway/runaway",42.345018863678
60,10,1,5,2,1,"ok/ok/ok/ok",3.34938979148865
60,10,1,6,Inf,NA,"ERROR No `d` in 1:4 was accepted by the guard.
ℹ d = 1: runaway (latent SD 63.6 on the link scale for trait 6 (> 10)); d = 2:
  runaway (latent SD 452 on the link scale for trait 6 (> 10)); d = 3: runaway
  (latent SD 3442 on the link scale for trait 6 (> 10)); d = 4: runaway (latent
  SD 467 on the link scale for trait 6 (> 10))",41.4678590297699
60,10,1,6,2,1,"ok/ok/ok/ok",3.56403398513794
60,10,1,7,Inf,1,"ok/runaway/runaway/runaway",69.9593200683594
60,10,1,7,2,1,"ok/ok/ok/ok",3.54454398155212
60,10,1,8,Inf,NA,"ERROR No `d` in 1:4 was accepted by the guard.
ℹ d = 1: runaway (latent SD 99.4 on the link scale for trait 5 (> 10)); d = 2:
  runaway (latent SD 227 on the link scale for trait 4 (> 10)); d = 3: runaway
  (latent SD 377 on the link scale for trait 5 (> 10)); d = 4: unconverged
  (optimizer did not report convergence)",57.562215089798
60,10,1,8,2,1,"ok/ok/ok/ok",3.85517001152039
60,10,1,9,Inf,1,"ok/ok/ok/runaway",13.4304609298706
60,10,1,9,2,1,"ok/ok/ok/ok",5.32417702674866
60,10,1,10,Inf,NA,"ERROR No `d` in 1:4 was accepted by the guard.
ℹ d = 1: runaway (latent SD 85.9 on the link scale for trait 4 (> 10)); d = 2:
  runaway (latent SD 175 on the link scale for trait 4 (> 10)); d = 3: runaway
  (latent SD 598 on the link scale for trait 8 (> 10)); d = 4: runaway (latent
  SD 208 on the link scale for trait 4 (> 10))",46.975093126297
60,10,1,10,2,1,"ok/ok/ok/ok",3.88585209846497
60,10,2,1,Inf,NA,"ERROR No `d` in 1:4 was accepted by the guard.
ℹ d = 1: runaway (latent SD 16.4 on the link scale for trait 3 (> 10)); d = 2:
  runaway (latent SD 209 on the link scale for trait 6 (> 10)); d = 3: runaway
  (latent SD 357 on the link scale for trait 9 (> 10)); d = 4: runaway (latent
  SD 696 on the link scale for trait 9 (> 10))",30.9280540943146
60,10,2,1,2,1,"ok/ok/ok/ok",4.38621807098389
60,10,2,2,Inf,1,"ok/runaway/runaway/runaway",49.2843720912933
60,10,2,2,2,1,"ok/ok/ok/ok",2.98720192909241
60,10,2,3,Inf,1,"ok/ok/runaway/runaway",52.2770459651947
60,10,2,3,2,1,"ok/ok/ok/ok",3.80483603477478
60,10,2,4,Inf,1,"ok/runaway/runaway/runaway",59.8941040039062
60,10,2,4,2,1,"ok/ok/ok/ok",3.12870097160339
60,10,2,5,Inf,NA,"ERROR No `d` in 1:4 was accepted by the guard.
ℹ d = 1: runaway (latent SD 41.5 on the link scale for trait 9 (> 10)); d = 2:
  runaway (latent SD 219 on the link scale for trait 7 (> 10)); d = 3: runaway
  (latent SD 198 on the link scale for trait 3 (> 10)); d = 4: runaway (latent
  SD 1029 on the link scale for trait 10 (> 10))",29.5473639965057
60,10,2,5,2,1,"ok/ok/ok/ok",3.69790196418762
60,10,2,6,Inf,1,"ok/ok/ok/ok",3.07935404777527
60,10,2,6,2,1,"ok/ok/ok/ok",5.19913291931152
60,10,2,7,Inf,NA,"ERROR No `d` in 1:4 was accepted by the guard.
ℹ d = 1: runaway (latent SD 159 on the link scale for trait 2 (> 10)); d = 2:
  runaway (latent SD 354 on the link scale for trait 3 (> 10)); d = 3: runaway
  (latent SD 1992 on the link scale for trait 3 (> 10)); d = 4: runaway (latent
  SD 390 on the link scale for trait 2 (> 10))",31.5912449359894
60,10,2,7,2,1,"ok/ok/ok/ok",3.33366990089417
60,10,2,8,Inf,NA,"ERROR No `d` in 1:4 was accepted by the guard.
ℹ d = 1: runaway (latent SD 62.1 on the link scale for trait 10 (> 10)); d = 2:
  runaway (latent SD 170 on the link scale for trait 3 (> 10)); d = 3: runaway
  (latent SD 470 on the link scale for trait 3 (> 10)); d = 4: runaway (latent
  SD 509 on the link scale for trait 3 (> 10))",30.591136932373
60,10,2,8,2,1,"ok/ok/ok/ok",3.67034602165222
60,10,2,9,Inf,1,"ok/runaway/runaway/runaway",30.1046800613403
60,10,2,9,2,1,"ok/ok/ok/ok",3.26385378837585
60,10,2,10,Inf,NA,"ERROR No `d` in 1:4 was accepted by the guard.
ℹ d = 1: runaway (latent SD 111 on the link scale for trait 7 (> 10)); d = 2:
  runaway (latent SD 116 on the link scale for trait 7 (> 10)); d = 3: runaway
  (latent SD 42.2 on the link scale for trait 7 (> 10)); d = 4: runaway (latent
  SD 885 on the link scale for trait 6 (> 10))",23.1531929969788
60,10,2,10,2,1,"ok/ok/ok/ok",3.57350492477417
120,10,2,1,Inf,1,"ok/ok/ok/runaway",30.02525806427
120,10,2,1,2,1,"ok/ok/ok/ok",7.32176899909973
120,10,2,2,Inf,1,"ok/runaway/runaway/runaway",38.4071550369263
120,10,2,2,2,1,"ok/ok/ok/ok",7.532870054245
120,10,2,3,Inf,1,"ok/ok/ok/ok",6.55108284950256
120,10,2,3,2,1,"ok/ok/ok/ok",7.9666690826416
120,10,2,4,Inf,1,"ok/ok/runaway/runaway",30.8940951824188
120,10,2,4,2,1,"ok/ok/ok/ok",6.92417216300964
120,10,2,5,Inf,2,"runaway/ok/runaway/runaway",79.6944839954376
120,10,2,5,2,1,"ok/ok/ok/ok",8.41822409629822
120,10,2,6,Inf,1,"ok/ok/ok/ok",5.85230112075806
120,10,2,6,2,1,"ok/ok/ok/ok",7.38997197151184
120,10,2,7,Inf,1,"ok/ok/ok/ok",5.45124506950378
120,10,2,7,2,1,"ok/ok/ok/ok",6.53558397293091
120,10,2,8,Inf,1,"ok/ok/ok/ok",6.8050479888916
120,10,2,8,2,1,"ok/ok/ok/ok",8.2484769821167
120,10,2,9,Inf,1,"ok/ok/ok/runaway",22.8216800689697
120,10,2,9,2,1,"ok/ok/ok/ok",7.3638060092926
120,10,2,10,Inf,1,"ok/ok/ok/ok",5.28197693824768
120,10,2,10,2,1,"ok/ok/ok/ok",6.03894400596619
120,20,2,1,Inf,1,"ok/runaway/runaway/runaway",183.301733016968
120,20,2,1,2,1,"ok/ok/ok/ok",21.7415370941162
120,20,2,2,Inf,1,"ok/ok/ok/ok",22.9559330940247
120,20,2,2,2,1,"ok/ok/ok/ok",32.6326608657837
120,20,2,3,Inf,1,"ok/ok/runaway/unconverged",296.140609025955
120,20,2,3,2,1,"ok/ok/ok/ok",35.8494760990143
120,20,2,4,Inf,1,"ok/ok/runaway/runaway",217.374357938766
120,20,2,4,2,1,"ok/ok/ok/ok",18.3088121414185
120,20,2,5,Inf,1,"ok/ok/ok/ok",15.0655961036682
120,20,2,5,2,1,"ok/ok/ok/ok",17.1340670585632
120,20,2,6,Inf,1,"ok/runaway/runaway/runaway",258.577179908752
120,20,2,6,2,1,"ok/ok/ok/ok",22.7239010334015
120,20,2,7,Inf,1,"ok/ok/ok/ok",13.6301538944244
120,20,2,7,2,1,"ok/ok/ok/ok",16.8330218791962
120,20,2,8,Inf,1,"ok/ok/runaway/runaway",218.349605083466
120,20,2,8,2,1,"ok/ok/ok/ok",34.1143698692322
120,20,2,9,Inf,1,"ok/runaway/unconverged/unconverged",524.197579860687
120,20,2,9,2,1,"ok/ok/ok/ok",18.0746049880981
120,20,2,10,Inf,1,"ok/ok/runaway/runaway",229.627492904663
120,20,2,10,2,1,"ok/ok/ok/ok",18.4517419338226
