n,p,K_true,rep,ridge,sel_bic,sel_bic_sites,statuses,secs
60,10,2,1,Inf,1,1,"ok/runaway/runaway/runaway",46.704
60,10,2,1,2.0,1,2,"ok/ok/ok/ok",0.935
60,10,2,2,Inf,NA,NA,"ERROR select_lv: no K in 1:4 was accepted; attempts: K=1 runaway latent SD 102.0 on th",12.639
60,10,2,2,2.0,1,1,"ok/ok/ok/ok",0.579
60,10,2,3,Inf,1,1,"ok/runaway/runaway/runaway",26.179
60,10,2,3,2.0,1,2,"ok/ok/ok/ok",0.867
60,10,2,4,Inf,NA,NA,"ERROR select_lv: no K in 1:4 was accepted; attempts: K=1 runaway latent SD 65.9 on the",14.316
60,10,2,4,2.0,1,1,"ok/ok/ok/ok",0.709
60,10,2,5,Inf,1,1,"ok/runaway/runaway/runaway",24.683
60,10,2,5,2.0,1,1,"ok/ok/ok/ok",0.461
60,10,2,6,Inf,1,1,"ok/runaway/runaway/runaway",19.491
60,10,2,6,2.0,1,2,"ok/ok/ok/ok",0.440
60,10,2,7,Inf,NA,NA,"ERROR select_lv: no K in 1:4 was accepted; attempts: K=1 runaway latent SD 128.0 on th",14.047
60,10,2,7,2.0,1,1,"ok/ok/ok/ok",0.885
60,10,2,8,Inf,1,1,"ok/runaway/runaway/runaway",25.957
60,10,2,8,2.0,1,1,"ok/ok/ok/ok",0.448
60,10,2,9,Inf,1,1,"ok/runaway/runaway/runaway",24.510
60,10,2,9,2.0,2,2,"ok/ok/ok/ok",0.668
60,10,2,10,Inf,NA,NA,"ERROR select_lv: no K in 1:4 was accepted; attempts: K=1 runaway latent SD 46.3 on the",13.434
60,10,2,10,2.0,1,2,"ok/ok/ok/ok",0.584
120,10,2,1,Inf,1,2,"ok/ok/runaway/runaway",29.205
120,10,2,1,2.0,1,2,"ok/ok/ok/ok",0.736
120,10,2,2,Inf,NA,NA,"ERROR select_lv: no K in 1:4 was accepted; attempts: K=1 runaway latent SD 21.9 on the",22.070
120,10,2,2,2.0,2,2,"ok/ok/ok/ok",1.655
120,10,2,3,Inf,1,1,"ok/runaway/runaway/runaway",39.958
120,10,2,3,2.0,1,1,"ok/ok/ok/ok",1.304
120,10,2,4,Inf,NA,NA,"ERROR select_lv: no K in 1:4 was accepted; attempts: K=1 runaway latent SD 25.1 on the",22.470
120,10,2,4,2.0,2,2,"ok/ok/ok/ok",1.948
120,10,2,5,Inf,NA,NA,"ERROR select_lv: no K in 1:4 was accepted; attempts: K=1 runaway latent SD 24.7 on the",23.037
120,10,2,5,2.0,2,2,"ok/ok/ok/ok",1.544
120,10,2,6,Inf,1,1,"ok/runaway/runaway/runaway",33.538
120,10,2,6,2.0,2,2,"ok/ok/ok/ok",2.338
120,10,2,7,Inf,NA,NA,"ERROR select_lv: no K in 1:4 was accepted; attempts: K=1 runaway latent SD 18.8 on the",22.709
120,10,2,7,2.0,2,2,"ok/ok/ok/ok",2.823
120,10,2,8,Inf,1,1,"ok/runaway/runaway/runaway",43.582
120,10,2,8,2.0,2,2,"ok/ok/ok/ok",1.246
120,10,2,9,Inf,NA,NA,"ERROR select_lv: no K in 1:4 was accepted; attempts: K=1 runaway latent SD 15.3 on the",22.759
120,10,2,9,2.0,2,2,"ok/ok/ok/ok",2.541
120,10,2,10,Inf,1,1,"ok/runaway/runaway/runaway",38.354
120,10,2,10,2.0,2,2,"ok/ok/ok/ok",1.320
120,20,2,1,Inf,2,2,"ok/ok/runaway/runaway",97.681
120,20,2,1,2.0,2,2,"ok/ok/ok/ok",6.025
120,20,2,2,Inf,1,1,"ok/runaway/runaway/runaway",117.675
120,20,2,2,2.0,2,2,"ok/ok/ok/ok",6.493
120,20,2,3,Inf,2,2,"ok/ok/runaway/runaway",93.907
120,20,2,3,2.0,2,2,"ok/ok/ok/ok",11.195
120,20,2,4,Inf,1,1,"ok/runaway/runaway/runaway",123.389
120,20,2,4,2.0,1,2,"ok/ok/ok/ok",5.275
120,20,2,5,Inf,2,2,"ok/ok/runaway/runaway",98.381
120,20,2,5,2.0,2,2,"ok/ok/ok/ok",6.882
120,20,2,6,Inf,1,1,"ok/runaway/runaway/runaway",111.190
120,20,2,6,2.0,2,2,"ok/ok/ok/ok",4.778
120,20,2,7,Inf,1,2,"ok/ok/runaway/runaway",95.056
120,20,2,7,2.0,1,2,"ok/ok/ok/ok",6.940
120,20,2,8,Inf,2,2,"ok/ok/runaway/runaway",88.018
120,20,2,8,2.0,2,2,"ok/ok/ok/ok",6.737
120,20,2,9,Inf,1,1,"ok/runaway/runaway/runaway",104.125
120,20,2,9,2.0,2,2,"ok/ok/ok/ok",11.882
120,20,2,10,Inf,1,1,"ok/runaway/runaway/runaway",118.402
120,20,2,10,2.0,2,2,"ok/ok/ok/ok",6.963
120,20,3,1,Inf,2,2,"ok/ok/runaway/runaway",77.648
120,20,3,1,2.0,2,3,"ok/ok/ok/ok",5.182
120,20,3,2,Inf,NA,NA,"ERROR select_lv: no K in 1:4 was accepted; attempts: K=1 runaway latent SD 76.5 on the",52.916
120,20,3,2,2.0,3,3,"ok/ok/ok/ok",8.164
120,20,3,3,Inf,NA,NA,"ERROR select_lv: no K in 1:4 was accepted; attempts: K=1 runaway latent SD 32.5 on the",61.238
120,20,3,3,2.0,2,3,"ok/ok/ok/ok",7.756
120,20,3,4,Inf,1,2,"ok/ok/runaway/runaway",92.496
120,20,3,4,2.0,1,3,"ok/ok/ok/ok",4.280
120,20,3,5,Inf,1,3,"ok/runaway/ok/runaway",62.299
120,20,3,5,2.0,2,2,"ok/ok/ok/ok",4.874
120,20,3,6,Inf,2,2,"ok/ok/runaway/runaway",96.369
120,20,3,6,2.0,2,3,"ok/ok/ok/ok",6.269
120,20,3,7,Inf,1,1,"ok/runaway/runaway/runaway",79.950
120,20,3,7,2.0,3,3,"ok/ok/ok/ok",5.308
120,20,3,8,Inf,1,1,"ok/runaway/runaway/runaway",86.750
120,20,3,8,2.0,3,3,"ok/ok/ok/ok",8.967
120,20,3,9,Inf,2,2,"ok/ok/runaway/runaway",95.059
120,20,3,9,2.0,2,3,"ok/ok/ok/ok",5.691
120,20,3,10,Inf,NA,NA,"ERROR select_lv: no K in 1:4 was accepted; attempts: K=1 runaway latent SD 47.3 on the",53.988
120,20,3,10,2.0,3,3,"ok/ok/ok/ok",5.557
