n,p,K_true,rep,ridge,selected,statuses,secs
60,10,2,1,Inf,1,ok/runaway/runaway/runaway,45.5
60,10,2,1,2.0,2,ok/ok/ok/ok,1.2
60,10,2,2,Inf,NA,ERROR,12.5
60,10,2,2,2.0,1,ok/ok/ok/ok,0.6
60,10,2,3,Inf,1,ok/runaway/runaway/runaway,24.3
60,10,2,3,2.0,2,ok/ok/ok/ok,0.8
60,10,2,4,Inf,NA,ERROR,13.5
60,10,2,4,2.0,1,ok/ok/ok/ok,0.7
60,10,2,5,Inf,1,ok/runaway/runaway/runaway,24.0
60,10,2,5,2.0,1,ok/ok/ok/ok,0.5
60,10,2,6,Inf,1,ok/runaway/runaway/runaway,19.0
60,10,2,6,2.0,2,ok/ok/ok/ok,0.4
60,10,2,7,Inf,NA,ERROR,13.7
60,10,2,7,2.0,1,ok/ok/ok/ok,0.8
60,10,2,8,Inf,1,ok/runaway/runaway/runaway,25.8
60,10,2,8,2.0,1,ok/ok/ok/ok,0.5
60,10,2,9,Inf,1,ok/runaway/runaway/runaway,24.2
60,10,2,9,2.0,2,ok/ok/ok/ok,0.6
60,10,2,10,Inf,NA,ERROR,13.4
60,10,2,10,2.0,2,ok/ok/ok/ok,0.6
120,10,2,1,Inf,2,ok/ok/runaway/runaway,29.2
120,10,2,1,2.0,2,ok/ok/ok/ok,0.8
120,10,2,2,Inf,NA,ERROR,22.2
120,10,2,2,2.0,2,ok/ok/ok/ok,1.7
120,10,2,3,Inf,1,ok/runaway/runaway/runaway,41.2
120,10,2,3,2.0,1,ok/ok/ok/ok,1.3
120,10,2,4,Inf,NA,ERROR,22.8
120,10,2,4,2.0,2,ok/ok/ok/ok,2.0
120,10,2,5,Inf,NA,ERROR,23.6
120,10,2,5,2.0,2,ok/ok/ok/ok,1.5
120,10,2,6,Inf,1,ok/runaway/runaway/runaway,34.2
120,10,2,6,2.0,2,ok/ok/ok/ok,2.6
120,10,2,7,Inf,NA,ERROR,24.3
120,10,2,7,2.0,2,ok/ok/ok/ok,2.9
120,10,2,8,Inf,1,ok/runaway/runaway/runaway,43.9
120,10,2,8,2.0,2,ok/ok/ok/ok,1.3
120,10,2,9,Inf,NA,ERROR,23.0
120,10,2,9,2.0,2,ok/ok/ok/ok,2.7
120,10,2,10,Inf,1,ok/runaway/runaway/runaway,39.8
120,10,2,10,2.0,2,ok/ok/ok/ok,1.3
120,20,2,1,Inf,2,ok/ok/runaway/runaway,97.1
120,20,2,1,2.0,2,ok/ok/ok/ok,5.9
120,20,2,2,Inf,1,ok/runaway/runaway/runaway,122.1
120,20,2,2,2.0,2,ok/ok/ok/ok,6.8
120,20,2,3,Inf,2,ok/ok/runaway/runaway,96.8
120,20,2,3,2.0,2,ok/ok/ok/ok,11.5
120,20,2,4,Inf,1,ok/runaway/runaway/runaway,130.3
120,20,2,4,2.0,2,ok/ok/ok/ok,5.3
120,20,2,5,Inf,2,ok/ok/runaway/runaway,100.5
120,20,2,5,2.0,2,ok/ok/ok/ok,6.9
120,20,2,6,Inf,1,ok/runaway/runaway/runaway,113.6
120,20,2,6,2.0,2,ok/ok/ok/ok,4.8
120,20,2,7,Inf,2,ok/ok/runaway/runaway,98.9
120,20,2,7,2.0,2,ok/ok/ok/ok,7.0
120,20,2,8,Inf,2,ok/ok/runaway/runaway,90.1
120,20,2,8,2.0,2,ok/ok/ok/ok,7.6
120,20,2,9,Inf,1,ok/runaway/runaway/runaway,103.9
120,20,2,9,2.0,2,ok/ok/ok/ok,11.9
120,20,2,10,Inf,1,ok/runaway/runaway/runaway,119.7
120,20,2,10,2.0,2,ok/ok/ok/ok,24.6
120,20,3,1,Inf,2,ok/ok/runaway/runaway/runaway,153.9
120,20,3,1,2.0,3,ok/ok/ok/ok/ok,9.6
120,20,3,2,Inf,NA,ERROR,97.1
120,20,3,2,2.0,3,ok/ok/ok/ok/ok,14.1
120,20,3,3,Inf,NA,ERROR,110.2
120,20,3,3,2.0,3,ok/ok/ok/ok/ok,13.7
120,20,3,4,Inf,2,ok/ok/runaway/runaway/runaway,164.9
120,20,3,4,2.0,3,ok/ok/ok/ok/ok,8.3
120,20,3,5,Inf,3,ok/runaway/ok/runaway/runaway,144.5
120,20,3,5,2.0,2,ok/ok/ok/ok/ok,8.7
120,20,3,6,Inf,2,ok/ok/runaway/runaway/runaway,192.4
120,20,3,6,2.0,3,ok/ok/ok/ok/ok,12.8
120,20,3,7,Inf,1,ok/runaway/runaway/runaway/runaway,167.3
120,20,3,7,2.0,3,ok/ok/ok/ok/ok,9.0
120,20,3,8,Inf,1,ok/runaway/runaway/runaway/runaway,175.4
120,20,3,8,2.0,3,ok/ok/ok/ok/ok,16.2
120,20,3,9,Inf,2,ok/ok/runaway/runaway/runaway,186.9
120,20,3,9,2.0,3,ok/ok/ok/ok/ok,8.9
120,20,3,10,Inf,NA,ERROR,84.8
120,20,3,10,2.0,3,ok/ok/ok/ok/ok,9.9
