n,p,K_true,rep,best_k_bic_sites,best_k_bic,statuses,secs
30,10,1,1,1,1,ok/ok/ok,9.9
30,10,1,2,1,1,ok/ok/ok,0.2
30,10,1,3,1,1,ok/ok/ok,0.3
30,10,1,4,1,1,ok/ok/ok,0.2
30,10,1,5,1,1,ok/ok/ok,0.1
30,10,1,6,1,1,ok/ok/ok,0.2
30,10,1,7,1,1,ok/ok/ok,0.1
30,10,1,8,1,1,ok/ok/ok,0.1
30,10,1,9,1,1,ok/ok/ok,0.1
30,10,1,10,1,1,ok/ok/ok,0.1
30,10,1,11,1,1,ok/ok/ok,0.1
30,10,1,12,1,1,ok/ok/ok,0.2
30,10,1,13,1,1,ok/ok/ok,0.1
30,10,1,14,1,1,ok/ok/ok,0.2
30,10,1,15,1,1,ok/ok/ok,0.1
30,10,1,16,1,1,ok/ok/ok,0.2
30,10,1,17,1,1,ok/ok/ok,0.1
30,10,1,18,1,1,ok/ok/ok,0.1
30,10,1,19,1,1,ok/ok/ok,0.1
30,10,1,20,1,1,ok/ok/ok,0.1
30,10,1,21,1,1,ok/ok/ok,0.1
30,10,1,22,1,1,ok/ok/ok,0.1
30,10,1,23,1,1,ok/ok/ok,0.2
30,10,1,24,1,1,ok/ok/ok,0.1
30,10,1,25,1,1,ok/ok/ok,0.2
30,10,1,26,1,1,ok/ok/ok,0.1
30,10,1,27,1,1,ok/ok/ok,0.1
30,10,1,28,1,1,ok/ok/ok,0.2
30,10,1,29,1,1,ok/ok/ok,0.1
30,10,1,30,1,1,ok/ok/ok,0.1
30,10,1,31,1,1,ok/ok/ok,0.1
30,10,1,32,1,1,ok/ok/ok,0.1
30,10,1,33,1,1,ok/ok/ok,0.1
30,10,1,34,1,1,ok/ok/ok,0.1
30,10,1,35,1,1,ok/ok/ok,0.1
30,10,1,36,1,1,ok/ok/ok,0.4
30,10,1,37,1,1,ok/ok/ok,0.2
30,10,1,38,1,1,ok/ok/ok,0.2
30,10,1,39,1,1,ok/ok/ok,0.1
30,10,1,40,1,1,ok/ok/ok,0.1
30,10,1,41,1,1,ok/ok/ok,0.1
30,10,1,42,1,1,ok/ok/ok,0.2
30,10,1,43,1,1,ok/ok/ok,0.1
30,10,1,44,1,1,ok/ok/ok,0.1
30,10,1,45,1,1,ok/ok/ok,0.2
30,10,1,46,1,1,ok/ok/ok,0.1
30,10,1,47,1,1,ok/ok/ok,0.1
30,10,1,48,1,1,ok/ok/ok,0.1
30,10,1,49,1,1,ok/ok/ok,0.2
30,10,1,50,1,1,ok/ok/ok,0.2
30,10,2,1,1,1,ok/ok/ok/ok,3.3
30,10,2,2,1,1,ok/ok/ok/ok,0.2
30,10,2,3,1,1,ok/ok/ok/ok,0.4
30,10,2,4,1,1,ok/ok/ok/ok,0.2
30,10,2,5,1,1,ok/ok/ok/ok,0.3
30,10,2,6,1,1,ok/ok/ok/ok,0.3
30,10,2,7,1,1,ok/ok/ok/ok,0.2
30,10,2,8,1,1,ok/ok/ok/ok,0.3
30,10,2,9,1,1,ok/ok/ok/ok,0.2
30,10,2,10,1,1,ok/ok/ok/ok,0.3
30,10,2,11,1,1,ok/ok/ok/ok,0.5
30,10,2,12,1,1,ok/ok/ok/ok,0.3
30,10,2,13,1,1,ok/ok/ok/ok,0.3
30,10,2,14,1,1,ok/ok/ok/ok,0.2
30,10,2,15,1,1,ok/ok/ok/ok,0.3
30,10,2,16,1,1,ok/ok/ok/ok,0.2
30,10,2,17,1,1,ok/ok/ok/ok,0.3
30,10,2,18,1,1,ok/ok/ok/ok,0.2
30,10,2,19,1,1,ok/ok/ok/ok,0.2
30,10,2,20,1,1,ok/ok/ok/ok,0.3
30,10,2,21,1,1,ok/ok/ok/ok,0.2
30,10,2,22,1,1,ok/ok/ok/ok,0.3
30,10,2,23,1,1,ok/ok/ok/ok,0.4
30,10,2,24,1,1,ok/ok/ok/ok,0.2
30,10,2,25,1,1,ok/ok/ok/ok,0.3
30,10,2,26,1,1,ok/ok/ok/ok,0.7
30,10,2,27,1,1,ok/ok/ok/ok,0.2
30,10,2,28,1,1,ok/ok/ok/ok,0.3
30,10,2,29,1,1,ok/ok/ok/ok,0.4
30,10,2,30,1,1,ok/ok/ok/ok,0.2
30,10,2,31,1,1,ok/ok/ok/ok,0.3
30,10,2,32,1,1,ok/ok/ok/ok,0.3
30,10,2,33,1,1,ok/ok/ok/ok,0.2
30,10,2,34,1,1,ok/ok/ok/ok,0.2
30,10,2,35,1,1,ok/ok/ok/ok,0.3
30,10,2,36,1,1,ok/ok/ok/ok,0.2
30,10,2,37,1,1,ok/ok/ok/ok,0.3
30,10,2,38,1,1,ok/ok/ok/ok,0.2
30,10,2,39,1,1,ok/ok/ok/ok,0.2
30,10,2,40,1,1,ok/ok/ok/ok,0.3
30,10,2,41,1,1,ok/ok/ok/ok,0.2
30,10,2,42,1,1,ok/ok/ok/ok,0.5
30,10,2,43,1,1,ok/ok/ok/ok,0.2
30,10,2,44,1,1,ok/ok/ok/ok,0.2
30,10,2,45,1,1,ok/ok/ok/ok,0.3
30,10,2,46,1,1,ok/ok/ok/ok,0.2
30,10,2,47,1,1,ok/ok/ok/ok,0.4
30,10,2,48,1,1,ok/ok/ok/ok,0.4
30,10,2,49,1,1,ok/ok/ok/ok,0.3
30,10,2,50,1,1,ok/ok/ok/ok,0.3
30,10,3,1,1,1,ok/ok/ok/ok/ok,0.5
30,10,3,2,1,1,ok/ok/ok/ok/ok,0.7
30,10,3,3,1,1,ok/ok/ok/ok/ok,0.7
30,10,3,4,1,1,ok/ok/ok/ok/ok,0.4
30,10,3,5,1,1,ok/ok/ok/ok/ok,0.6
30,10,3,6,1,1,ok/ok/ok/ok/ok,0.4
30,10,3,7,1,1,ok/ok/ok/ok/ok,0.4
30,10,3,8,1,1,ok/ok/ok/ok/ok,0.4
30,10,3,9,1,1,ok/ok/ok/ok/ok,0.4
30,10,3,10,1,1,ok/ok/ok/ok/ok,0.7
30,10,3,11,1,1,ok/ok/ok/ok/ok,0.8
30,10,3,12,1,1,ok/ok/ok/ok/ok,0.3
30,10,3,13,1,1,ok/ok/ok/ok/ok,0.7
30,10,3,14,1,1,ok/ok/ok/ok/ok,0.6
30,10,3,15,1,1,ok/ok/ok/ok/ok,0.4
30,10,3,16,1,1,ok/ok/ok/ok/ok,0.4
30,10,3,17,1,1,ok/ok/ok/ok/ok,0.4
30,10,3,18,1,1,ok/ok/ok/ok/ok,0.6
30,10,3,19,1,1,ok/ok/ok/ok/ok,0.6
30,10,3,20,1,1,ok/ok/ok/ok/ok,0.6
30,10,3,21,1,1,ok/ok/ok/ok/ok,0.7
30,10,3,22,1,1,ok/ok/ok/ok/ok,0.4
30,10,3,23,1,1,ok/ok/ok/ok/ok,0.4
30,10,3,24,1,1,ok/ok/ok/ok/ok,0.4
30,10,3,25,1,1,ok/ok/ok/ok/ok,0.5
30,10,3,26,1,1,ok/ok/ok/ok/ok,0.5
30,10,3,27,1,1,ok/ok/ok/ok/ok,0.6
30,10,3,28,1,1,ok/ok/ok/ok/ok,0.6
30,10,3,29,1,1,ok/ok/ok/ok/ok,0.4
30,10,3,30,1,1,ok/ok/ok/ok/ok,0.6
30,10,3,31,1,1,ok/ok/ok/ok/ok,0.4
30,10,3,32,1,1,ok/ok/ok/ok/ok,0.4
30,10,3,33,1,1,ok/ok/ok/ok/ok,0.5
30,10,3,34,1,1,ok/ok/ok/ok/ok,0.5
30,10,3,35,1,1,ok/ok/ok/ok/ok,0.6
30,10,3,36,1,1,ok/ok/ok/ok/ok,0.7
30,10,3,37,1,1,ok/ok/ok/ok/ok,1.3
30,10,3,38,1,1,ok/ok/ok/ok/ok,0.7
30,10,3,39,1,1,ok/ok/ok/ok/ok,0.5
30,10,3,40,1,1,ok/ok/ok/ok/ok,0.4
30,10,3,41,1,1,ok/ok/ok/ok/ok,0.4
30,10,3,42,1,1,ok/ok/ok/ok/ok,0.7
30,10,3,43,1,1,ok/ok/ok/ok/ok,0.4
30,10,3,44,1,1,ok/ok/ok/ok/ok,0.4
30,10,3,45,1,1,ok/ok/ok/ok/ok,0.4
30,10,3,46,1,1,ok/ok/ok/ok/ok,0.4
30,10,3,47,1,1,ok/ok/ok/ok/ok,0.5
30,10,3,48,1,1,ok/ok/ok/ok/ok,0.9
30,10,3,49,1,1,ok/ok/ok/ok/ok,0.6
30,10,3,50,1,1,ok/ok/ok/ok/ok,0.4
30,20,1,1,1,1,ok/ok/ok,3.9
30,20,1,2,1,1,ok/ok/ok,0.9
30,20,1,3,1,1,ok/ok/ok,0.6
30,20,1,4,1,1,ok/ok/ok,0.7
30,20,1,5,1,1,ok/ok/ok,0.4
30,20,1,6,1,1,ok/ok/ok,0.6
30,20,1,7,1,1,ok/ok/ok,0.6
30,20,1,8,1,1,ok/ok/ok,0.6
30,20,1,9,1,1,ok/ok/ok,0.7
30,20,1,10,1,1,ok/ok/ok,0.5
30,20,1,11,1,1,ok/ok/ok,0.4
30,20,1,12,1,1,ok/ok/ok,0.5
30,20,1,13,1,1,ok/ok/ok,0.7
30,20,1,14,1,1,ok/ok/ok,0.5
30,20,1,15,1,1,ok/ok/ok,0.6
30,20,1,16,1,1,ok/ok/ok,0.4
30,20,1,17,1,1,ok/ok/ok,0.8
30,20,1,18,1,1,ok/ok/ok,0.4
30,20,1,19,1,1,ok/ok/ok,0.5
30,20,1,20,1,1,ok/ok/ok,0.9
30,20,1,21,1,1,ok/ok/ok,0.5
30,20,1,22,1,1,ok/ok/ok,0.7
30,20,1,23,1,1,ok/ok/ok,0.7
30,20,1,24,1,1,ok/ok/ok,0.4
30,20,1,25,1,1,ok/ok/ok,0.6
30,20,1,26,1,1,ok/ok/ok,0.6
30,20,1,27,1,1,ok/ok/ok,0.5
30,20,1,28,1,1,ok/ok/ok,0.6
30,20,1,29,1,1,ok/ok/ok,0.7
30,20,1,30,1,1,ok/ok/ok,0.4
30,20,1,31,1,1,ok/ok/ok,0.4
30,20,1,32,1,1,ok/ok/ok,0.5
30,20,1,33,1,1,ok/ok/ok,0.7
30,20,1,34,1,1,ok/ok/ok,0.4
30,20,1,35,1,1,ok/ok/ok,0.6
30,20,1,36,1,1,ok/ok/ok,0.8
30,20,1,37,1,1,ok/ok/ok,0.4
30,20,1,38,1,1,ok/ok/ok,0.9
30,20,1,39,1,1,ok/ok/ok,0.5
30,20,1,40,1,1,ok/ok/ok,0.9
30,20,1,41,1,1,ok/ok/ok,0.6
30,20,1,42,1,1,ok/ok/ok,0.4
30,20,1,43,1,1,ok/ok/ok,0.4
30,20,1,44,1,1,ok/ok/ok,0.3
30,20,1,45,1,1,ok/ok/ok,0.8
30,20,1,46,1,1,ok/ok/ok,0.5
30,20,1,47,1,1,ok/ok/ok,0.5
30,20,1,48,1,1,ok/ok/ok,0.5
30,20,1,49,1,1,ok/ok/ok,0.4
30,20,1,50,1,1,ok/ok/ok,0.7
30,20,2,1,1,1,ok/ok/ok/ok,1.6
30,20,2,2,1,1,ok/ok/ok/ok,2.3
30,20,2,3,1,1,ok/ok/ok/ok,1.2
30,20,2,4,1,1,ok/ok/ok/ok,1.2
30,20,2,5,1,1,ok/ok/ok/ok,0.9
30,20,2,6,1,1,ok/ok/ok/ok,1.6
30,20,2,7,1,1,ok/ok/ok/ok,1.2
30,20,2,8,1,1,ok/ok/ok/ok,1.3
30,20,2,9,1,1,ok/ok/ok/ok,1.4
30,20,2,10,1,1,ok/ok/ok/ok,1.3
30,20,2,11,1,1,ok/ok/ok/ok,0.9
30,20,2,12,1,1,ok/ok/ok/ok,1.0
30,20,2,13,1,1,ok/ok/ok/ok,1.3
30,20,2,14,1,1,ok/ok/ok/ok,1.1
30,20,2,15,1,1,ok/ok/ok/ok,1.3
30,20,2,16,1,1,ok/ok/ok/ok,1.2
30,20,2,17,1,1,ok/ok/ok/ok,2.6
30,20,2,18,1,1,ok/ok/ok/ok,1.2
30,20,2,19,1,1,ok/ok/ok/ok,1.6
30,20,2,20,1,1,ok/ok/ok/ok,1.2
30,20,2,21,1,1,ok/ok/ok/ok,1.0
30,20,2,22,1,1,ok/ok/ok/ok,2.3
30,20,2,23,1,1,ok/ok/ok/ok,1.1
30,20,2,24,1,1,ok/ok/ok/ok,1.5
30,20,2,25,1,1,ok/ok/ok/ok,1.6
30,20,2,26,1,1,ok/ok/ok/ok,1.0
30,20,2,27,1,1,ok/ok/ok/ok,1.2
30,20,2,28,1,1,ok/ok/ok/ok,1.0
30,20,2,29,1,1,ok/ok/ok/ok,1.0
30,20,2,30,1,1,ok/ok/ok/ok,2.3
30,20,2,31,1,1,ok/ok/ok/ok,1.0
30,20,2,32,1,1,ok/ok/ok/ok,1.2
30,20,2,33,1,1,ok/ok/ok/ok,2.9
30,20,2,34,1,1,ok/ok/ok/ok,0.8
30,20,2,35,1,1,ok/ok/ok/ok,1.1
30,20,2,36,1,1,ok/ok/ok/ok,1.0
30,20,2,37,1,1,ok/ok/ok/ok,0.8
30,20,2,38,1,1,ok/ok/ok/ok,1.3
30,20,2,39,1,1,ok/ok/ok/ok,1.5
30,20,2,40,1,1,ok/ok/ok/ok,1.8
30,20,2,41,1,1,ok/ok/ok/ok,1.3
30,20,2,42,1,1,ok/ok/ok/ok,1.3
30,20,2,43,1,1,ok/ok/ok/ok,1.1
30,20,2,44,1,1,ok/ok/ok/ok,1.8
30,20,2,45,1,1,ok/ok/ok/ok,1.7
30,20,2,46,1,1,ok/ok/ok/ok,1.3
30,20,2,47,1,1,ok/ok/ok/ok,1.7
30,20,2,48,1,1,ok/ok/ok/ok,0.7
30,20,2,49,1,1,ok/ok/ok/ok,1.2
30,20,2,50,1,1,ok/ok/ok/ok,0.9
30,20,3,1,1,1,ok/ok/ok/ok/ok,1.4
30,20,3,2,1,1,ok/ok/ok/ok/ok,3.9
30,20,3,3,1,1,ok/ok/ok/ok/ok,1.7
30,20,3,4,1,1,ok/ok/ok/ok/ok,1.7
30,20,3,5,1,1,ok/ok/ok/ok/ok,2.1
30,20,3,6,1,1,ok/ok/ok/ok/ok,2.0
30,20,3,7,1,1,ok/ok/ok/ok/ok,3.5
30,20,3,8,1,1,ok/ok/ok/ok/ok,3.8
30,20,3,9,1,1,ok/ok/ok/ok/ok,3.2
30,20,3,10,1,1,ok/ok/ok/ok/ok,2.6
30,20,3,11,1,1,ok/ok/ok/ok/ok,2.2
30,20,3,12,1,1,ok/ok/ok/ok/ok,2.0
30,20,3,13,1,1,ok/ok/ok/ok/ok,2.0
30,20,3,14,1,1,ok/ok/ok/ok/ok,1.6
30,20,3,15,1,1,ok/ok/ok/ok/ok,1.5
30,20,3,16,1,1,ok/ok/ok/ok/ok,1.5
30,20,3,17,1,1,ok/ok/ok/ok/ok,1.9
30,20,3,18,1,1,ok/ok/ok/ok/ok,1.9
30,20,3,19,1,1,ok/ok/ok/ok/ok,2.0
30,20,3,20,1,1,ok/ok/ok/ok/ok,1.7
30,20,3,21,1,1,ok/ok/ok/ok/ok,2.7
30,20,3,22,1,1,ok/ok/ok/ok/ok,1.6
30,20,3,23,1,1,ok/ok/ok/ok/ok,1.9
30,20,3,24,1,1,ok/ok/ok/ok/ok,1.7
30,20,3,25,1,1,ok/ok/ok/ok/ok,1.1
30,20,3,26,1,1,ok/ok/ok/ok/ok,2.2
30,20,3,27,1,1,ok/ok/ok/ok/ok,3.3
30,20,3,28,1,1,ok/ok/ok/ok/ok,2.5
30,20,3,29,1,1,ok/ok/ok/ok/ok,2.7
30,20,3,30,1,1,ok/ok/ok/ok/ok,3.7
30,20,3,31,1,1,ok/ok/ok/ok/ok,2.2
30,20,3,32,1,1,ok/ok/ok/ok/ok,2.2
30,20,3,33,1,1,ok/ok/ok/ok/ok,1.7
30,20,3,34,1,1,ok/ok/ok/ok/ok,2.2
30,20,3,35,1,1,ok/ok/ok/ok/ok,1.5
30,20,3,36,1,1,ok/ok/ok/ok/ok,1.9
30,20,3,37,1,1,ok/ok/ok/ok/ok,2.3
30,20,3,38,1,1,ok/ok/ok/ok/ok,2.0
30,20,3,39,1,1,ok/ok/ok/ok/ok,1.9
30,20,3,40,1,1,ok/ok/ok/ok/ok,2.4
30,20,3,41,1,1,ok/ok/ok/ok/ok,2.6
30,20,3,42,1,1,ok/ok/ok/ok/ok,2.8
30,20,3,43,1,1,ok/ok/ok/ok/ok,2.0
30,20,3,44,1,1,ok/ok/ok/ok/ok,1.6
30,20,3,45,1,1,ok/ok/ok/ok/ok,3.0
30,20,3,46,1,1,ok/ok/ok/ok/ok,2.8
30,20,3,47,1,1,ok/ok/ok/ok/ok,2.5
30,20,3,48,1,1,ok/ok/ok/ok/ok,2.8
30,20,3,49,1,1,ok/ok/ok/ok/ok,2.1
30,20,3,50,1,1,ok/ok/ok/ok/ok,1.9
