family,n,p,K_true,rep,K_fit,status,converged,loglik,dof,aic,bic_pn,bic_n,secs
nb,300,20,3,1,1,ok,true,-19473.126460,60,39066.252919,39468.223804,39288.479868,27.78
nb,300,20,3,1,2,ok,true,-18874.031445,79,37906.062891,38435.324556,38198.661706,26.38
nb,300,20,3,1,3,ok,true,-19113.128376,97,38420.256753,39070.109683,38779.523653,20.37
nb,300,20,3,1,4,ok,true,-20240.211349,114,40708.422699,41472.167380,41130.653901,45.96
nb,300,20,3,1,5,ok,true,-16719.648429,130,33699.296859,34570.233776,34180.788581,1224.31
binomial,300,20,3,1,1,ok,true,-3960.843439,40,8001.686877,8269.667467,8149.838176,7.69
binomial,300,20,3,1,2,ok,true,-3855.767298,59,7829.534597,8224.805967,8048.057763,4.02
binomial,300,20,3,1,3,ok,true,-3769.101278,77,7692.202557,8208.065192,7977.393807,6.32
binomial,300,20,3,1,4,ok,false,-3737.024573,94,7662.049147,8291.803533,8010.204699,51.46
binomial,300,20,3,1,5,ok,true,-3756.339251,110,7732.678501,8469.625124,8140.094574,14.09
