family,n,p,K_true,rep
nb,30,10,2,42
nb,30,10,2,43
nb,30,10,2,44
nb,30,10,2,45
nb,30,10,2,46
nb,30,10,2,47
nb,30,10,2,48
nb,30,10,2,49
nb,30,10,2,50
nb,30,10,2,95
nb,30,10,2,96
nb,30,10,2,97
nb,30,10,2,98
nb,30,10,2,99
nb,30,10,2,100
nb,30,10,2,138
nb,30,10,2,139
nb,30,10,2,140
nb,30,10,2,141
nb,30,10,2,142
nb,30,10,2,143
nb,30,10,2,144
nb,30,10,2,145
nb,30,10,2,146
nb,30,10,2,147
nb,30,10,2,148
nb,30,10,2,149
nb,30,10,2,150
nb,30,10,2,188
nb,30,10,2,189
nb,30,10,2,190
nb,30,10,2,191
nb,30,10,2,192
nb,30,10,2,193
nb,30,10,2,194
nb,30,10,2,195
nb,30,10,2,196
nb,30,10,2,197
nb,30,10,2,198
nb,30,10,2,199
nb,30,10,2,200
nb,30,10,3,20
nb,30,10,3,21
nb,30,10,3,22
nb,30,10,3,23
nb,30,10,3,24
nb,30,10,3,25
nb,30,10,3,26
nb,30,10,3,27
nb,30,10,3,28
nb,30,10,3,29
nb,30,10,3,30
nb,30,10,3,31
nb,30,10,3,32
nb,30,10,3,33
nb,30,10,3,34
nb,30,10,3,35
nb,30,10,3,36
nb,30,10,3,37
nb,30,10,3,38
nb,30,10,3,39
nb,30,10,3,40
nb,30,10,3,41
nb,30,10,3,42
nb,30,10,3,43
nb,30,10,3,44
nb,30,10,3,45
nb,30,10,3,46
nb,30,10,3,47
nb,30,10,3,48
nb,30,10,3,49
nb,30,10,3,50
nb,30,10,3,74
nb,30,10,3,75
nb,30,10,3,76
nb,30,10,3,77
nb,30,10,3,78
nb,30,10,3,79
nb,30,10,3,80
nb,30,10,3,81
nb,30,10,3,82
nb,30,10,3,83
nb,30,10,3,84
nb,30,10,3,85
nb,30,10,3,86
nb,30,10,3,87
nb,30,10,3,88
nb,30,10,3,89
nb,30,10,3,90
nb,30,10,3,91
nb,30,10,3,92
nb,30,10,3,93
nb,30,10,3,94
nb,30,10,3,95
nb,30,10,3,96
nb,30,10,3,97
nb,30,10,3,98
nb,30,10,3,99
nb,30,10,3,100
nb,30,10,3,120
nb,30,10,3,121
nb,30,10,3,122
nb,30,10,3,123
nb,30,10,3,124
nb,30,10,3,125
nb,30,10,3,126
nb,30,10,3,127
nb,30,10,3,128
nb,30,10,3,129
nb,30,10,3,130
nb,30,10,3,131
nb,30,10,3,132
nb,30,10,3,133
nb,30,10,3,134
nb,30,10,3,135
nb,30,10,3,136
nb,30,10,3,137
nb,30,10,3,138
nb,30,10,3,139
nb,30,10,3,140
nb,30,10,3,141
nb,30,10,3,142
nb,30,10,3,143
nb,30,10,3,144
nb,30,10,3,145
nb,30,10,3,146
nb,30,10,3,147
nb,30,10,3,148
nb,30,10,3,149
nb,30,10,3,150
nb,30,10,3,168
nb,30,10,3,169
nb,30,10,3,170
nb,30,10,3,171
nb,30,10,3,172
nb,30,10,3,173
nb,30,10,3,174
nb,30,10,3,175
nb,30,10,3,176
nb,30,10,3,177
nb,30,10,3,178
nb,30,10,3,179
nb,30,10,3,180
nb,30,10,3,181
nb,30,10,3,182
nb,30,10,3,183
nb,30,10,3,184
nb,30,10,3,185
nb,30,10,3,186
nb,30,10,3,187
nb,30,10,3,188
nb,30,10,3,189
nb,30,10,3,190
nb,30,10,3,191
nb,30,10,3,192
nb,30,10,3,193
nb,30,10,3,194
nb,30,10,3,195
nb,30,10,3,196
nb,30,10,3,197
nb,30,10,3,198
nb,30,10,3,199
nb,30,10,3,200
nb,30,20,1,47
nb,30,20,1,48
nb,30,20,1,49
nb,30,20,1,50
nb,30,20,1,89
nb,30,20,1,90
nb,30,20,1,91
nb,30,20,1,92
nb,30,20,1,93
nb,30,20,1,94
nb,30,20,1,95
nb,30,20,1,96
nb,30,20,1,97
nb,30,20,1,98
nb,30,20,1,99
nb,30,20,1,100
nb,30,20,1,138
nb,30,20,1,139
nb,30,20,1,140
nb,30,20,1,141
nb,30,20,1,142
nb,30,20,1,143
nb,30,20,1,144
nb,30,20,1,145
nb,30,20,1,146
nb,30,20,1,147
nb,30,20,1,148
nb,30,20,1,149
nb,30,20,1,150
nb,30,20,1,195
nb,30,20,1,196
nb,30,20,1,197
nb,30,20,1,198
nb,30,20,1,199
nb,30,20,1,200
nb,30,20,2,24
nb,30,20,2,25
nb,30,20,2,26
nb,30,20,2,27
nb,30,20,2,28
nb,30,20,2,29
nb,30,20,2,30
nb,30,20,2,31
nb,30,20,2,32
nb,30,20,2,33
nb,30,20,2,34
nb,30,20,2,35
nb,30,20,2,36
nb,30,20,2,37
nb,30,20,2,38
nb,30,20,2,39
nb,30,20,2,40
nb,30,20,2,41
nb,30,20,2,42
nb,30,20,2,43
nb,30,20,2,44
nb,30,20,2,45
nb,30,20,2,46
nb,30,20,2,47
nb,30,20,2,48
nb,30,20,2,49
nb,30,20,2,50
nb,30,20,2,70
nb,30,20,2,71
nb,30,20,2,72
nb,30,20,2,73
nb,30,20,2,74
nb,30,20,2,75
nb,30,20,2,76
nb,30,20,2,77
nb,30,20,2,78
nb,30,20,2,79
nb,30,20,2,80
nb,30,20,2,81
nb,30,20,2,82
nb,30,20,2,83
nb,30,20,2,84
nb,30,20,2,85
nb,30,20,2,86
nb,30,20,2,87
nb,30,20,2,88
nb,30,20,2,89
nb,30,20,2,90
nb,30,20,2,91
nb,30,20,2,92
nb,30,20,2,93
nb,30,20,2,94
nb,30,20,2,95
nb,30,20,2,96
nb,30,20,2,97
nb,30,20,2,98
nb,30,20,2,99
nb,30,20,2,100
nb,30,20,2,121
nb,30,20,2,122
nb,30,20,2,123
nb,30,20,2,124
nb,30,20,2,125
nb,30,20,2,126
nb,30,20,2,127
nb,30,20,2,128
nb,30,20,2,129
nb,30,20,2,130
nb,30,20,2,131
nb,30,20,2,132
nb,30,20,2,133
nb,30,20,2,134
nb,30,20,2,135
nb,30,20,2,136
nb,30,20,2,137
nb,30,20,2,138
nb,30,20,2,139
nb,30,20,2,140
nb,30,20,2,141
nb,30,20,2,142
nb,30,20,2,143
nb,30,20,2,144
nb,30,20,2,145
nb,30,20,2,146
nb,30,20,2,147
nb,30,20,2,148
nb,30,20,2,149
nb,30,20,2,150
nb,30,20,2,167
nb,30,20,2,168
nb,30,20,2,169
nb,30,20,2,170
nb,30,20,2,171
nb,30,20,2,172
nb,30,20,2,173
nb,30,20,2,174
nb,30,20,2,175
nb,30,20,2,176
nb,30,20,2,177
nb,30,20,2,178
nb,30,20,2,179
nb,30,20,2,180
nb,30,20,2,181
nb,30,20,2,182
nb,30,20,2,183
nb,30,20,2,184
nb,30,20,2,185
nb,30,20,2,186
nb,30,20,2,187
nb,30,20,2,188
nb,30,20,2,189
nb,30,20,2,190
nb,30,20,2,191
nb,30,20,2,192
nb,30,20,2,193
nb,30,20,2,194
nb,30,20,2,195
nb,30,20,2,196
nb,30,20,2,197
nb,30,20,2,198
nb,30,20,2,199
nb,30,20,2,200
nb,30,20,3,10
nb,30,20,3,11
nb,30,20,3,12
nb,30,20,3,13
nb,30,20,3,14
nb,30,20,3,15
nb,30,20,3,16
nb,30,20,3,17
nb,30,20,3,18
nb,30,20,3,19
nb,30,20,3,20
nb,30,20,3,21
nb,30,20,3,22
nb,30,20,3,23
nb,30,20,3,24
nb,30,20,3,25
nb,30,20,3,26
nb,30,20,3,27
nb,30,20,3,28
nb,30,20,3,29
nb,30,20,3,30
nb,30,20,3,31
nb,30,20,3,32
nb,30,20,3,33
nb,30,20,3,34
nb,30,20,3,35
nb,30,20,3,36
nb,30,20,3,37
nb,30,20,3,38
nb,30,20,3,39
nb,30,20,3,40
nb,30,20,3,41
nb,30,20,3,42
nb,30,20,3,43
nb,30,20,3,44
nb,30,20,3,45
nb,30,20,3,46
nb,30,20,3,47
nb,30,20,3,48
nb,30,20,3,49
nb,30,20,3,50
nb,30,20,3,62
nb,30,20,3,63
nb,30,20,3,64
nb,30,20,3,65
nb,30,20,3,66
nb,30,20,3,67
nb,30,20,3,68
nb,30,20,3,69
nb,30,20,3,70
nb,30,20,3,71
nb,30,20,3,72
nb,30,20,3,73
nb,30,20,3,74
nb,30,20,3,75
nb,30,20,3,76
nb,30,20,3,77
nb,30,20,3,78
nb,30,20,3,79
nb,30,20,3,80
nb,30,20,3,81
nb,30,20,3,82
nb,30,20,3,83
nb,30,20,3,84
nb,30,20,3,85
nb,30,20,3,86
nb,30,20,3,87
nb,30,20,3,88
nb,30,20,3,89
nb,30,20,3,90
nb,30,20,3,91
nb,30,20,3,92
nb,30,20,3,93
nb,30,20,3,94
nb,30,20,3,95
nb,30,20,3,96
nb,30,20,3,97
nb,30,20,3,98
nb,30,20,3,99
nb,30,20,3,100
nb,30,20,3,112
nb,30,20,3,113
nb,30,20,3,114
nb,30,20,3,115
nb,30,20,3,116
nb,30,20,3,117
nb,30,20,3,118
nb,30,20,3,119
nb,30,20,3,120
nb,30,20,3,121
nb,30,20,3,122
nb,30,20,3,123
nb,30,20,3,124
nb,30,20,3,125
nb,30,20,3,126
nb,30,20,3,127
nb,30,20,3,128
nb,30,20,3,129
nb,30,20,3,130
nb,30,20,3,131
nb,30,20,3,132
nb,30,20,3,133
nb,30,20,3,134
nb,30,20,3,135
nb,30,20,3,136
nb,30,20,3,137
nb,30,20,3,138
nb,30,20,3,139
nb,30,20,3,140
nb,30,20,3,141
nb,30,20,3,142
nb,30,20,3,143
nb,30,20,3,144
nb,30,20,3,145
nb,30,20,3,146
nb,30,20,3,147
nb,30,20,3,148
nb,30,20,3,149
nb,30,20,3,150
nb,30,20,3,165
nb,30,20,3,166
nb,30,20,3,167
nb,30,20,3,168
nb,30,20,3,169
nb,30,20,3,170
nb,30,20,3,171
nb,30,20,3,172
nb,30,20,3,173
nb,30,20,3,174
nb,30,20,3,175
nb,30,20,3,176
nb,30,20,3,177
nb,30,20,3,178
nb,30,20,3,179
nb,30,20,3,180
nb,30,20,3,181
nb,30,20,3,182
nb,30,20,3,183
nb,30,20,3,184
nb,30,20,3,185
nb,30,20,3,186
nb,30,20,3,187
nb,30,20,3,188
nb,30,20,3,189
nb,30,20,3,190
nb,30,20,3,191
nb,30,20,3,192
nb,30,20,3,193
nb,30,20,3,194
nb,30,20,3,195
nb,30,20,3,196
nb,30,20,3,197
nb,30,20,3,198
nb,30,20,3,199
nb,30,20,3,200
nb,60,10,2,32
nb,60,10,2,33
nb,60,10,2,34
nb,60,10,2,35
nb,60,10,2,36
nb,60,10,2,37
nb,60,10,2,38
nb,60,10,2,39
nb,60,10,2,40
nb,60,10,2,41
nb,60,10,2,42
nb,60,10,2,43
nb,60,10,2,44
nb,60,10,2,45
nb,60,10,2,46
nb,60,10,2,47
nb,60,10,2,48
nb,60,10,2,49
nb,60,10,2,50
nb,60,10,2,79
nb,60,10,2,80
nb,60,10,2,81
nb,60,10,2,82
nb,60,10,2,83
nb,60,10,2,84
nb,60,10,2,85
nb,60,10,2,86
nb,60,10,2,87
nb,60,10,2,88
nb,60,10,2,89
nb,60,10,2,90
nb,60,10,2,91
nb,60,10,2,92
nb,60,10,2,93
nb,60,10,2,94
nb,60,10,2,95
nb,60,10,2,96
nb,60,10,2,97
nb,60,10,2,98
nb,60,10,2,99
nb,60,10,2,100
nb,60,10,2,127
nb,60,10,2,128
nb,60,10,2,129
nb,60,10,2,130
nb,60,10,2,131
nb,60,10,2,132
nb,60,10,2,133
nb,60,10,2,134
nb,60,10,2,135
nb,60,10,2,136
nb,60,10,2,137
nb,60,10,2,138
nb,60,10,2,139
nb,60,10,2,140
nb,60,10,2,141
nb,60,10,2,142
nb,60,10,2,143
nb,60,10,2,144
nb,60,10,2,145
nb,60,10,2,146
nb,60,10,2,147
nb,60,10,2,148
nb,60,10,2,149
nb,60,10,2,150
nb,60,10,2,175
nb,60,10,2,176
nb,60,10,2,177
nb,60,10,2,178
nb,60,10,2,179
nb,60,10,2,180
nb,60,10,2,181
nb,60,10,2,182
nb,60,10,2,183
nb,60,10,2,184
nb,60,10,2,185
nb,60,10,2,186
nb,60,10,2,187
nb,60,10,2,188
nb,60,10,2,189
nb,60,10,2,190
nb,60,10,2,191
nb,60,10,2,192
nb,60,10,2,193
nb,60,10,2,194
nb,60,10,2,195
nb,60,10,2,196
nb,60,10,2,197
nb,60,10,2,198
nb,60,10,2,199
nb,60,10,2,200
nb,60,10,3,15
nb,60,10,3,16
nb,60,10,3,17
nb,60,10,3,18
nb,60,10,3,19
nb,60,10,3,20
nb,60,10,3,21
nb,60,10,3,22
nb,60,10,3,23
nb,60,10,3,24
nb,60,10,3,25
nb,60,10,3,26
nb,60,10,3,27
nb,60,10,3,28
nb,60,10,3,29
nb,60,10,3,30
nb,60,10,3,31
nb,60,10,3,32
nb,60,10,3,33
nb,60,10,3,34
nb,60,10,3,35
nb,60,10,3,36
nb,60,10,3,37
nb,60,10,3,38
nb,60,10,3,39
nb,60,10,3,40
nb,60,10,3,41
nb,60,10,3,42
nb,60,10,3,43
nb,60,10,3,44
nb,60,10,3,45
nb,60,10,3,46
nb,60,10,3,47
nb,60,10,3,48
nb,60,10,3,49
nb,60,10,3,50
nb,60,10,3,64
nb,60,10,3,65
nb,60,10,3,66
nb,60,10,3,67
nb,60,10,3,68
nb,60,10,3,69
nb,60,10,3,70
nb,60,10,3,71
nb,60,10,3,72
nb,60,10,3,73
nb,60,10,3,74
nb,60,10,3,75
nb,60,10,3,76
nb,60,10,3,77
nb,60,10,3,78
nb,60,10,3,79
nb,60,10,3,80
nb,60,10,3,81
nb,60,10,3,82
nb,60,10,3,83
nb,60,10,3,84
nb,60,10,3,85
nb,60,10,3,86
nb,60,10,3,87
nb,60,10,3,88
nb,60,10,3,89
nb,60,10,3,90
nb,60,10,3,91
nb,60,10,3,92
nb,60,10,3,93
nb,60,10,3,94
nb,60,10,3,95
nb,60,10,3,96
nb,60,10,3,97
nb,60,10,3,98
nb,60,10,3,99
nb,60,10,3,100
nb,60,10,3,116
nb,60,10,3,117
nb,60,10,3,118
nb,60,10,3,119
nb,60,10,3,120
nb,60,10,3,121
nb,60,10,3,122
nb,60,10,3,123
nb,60,10,3,124
nb,60,10,3,125
nb,60,10,3,126
nb,60,10,3,127
nb,60,10,3,128
nb,60,10,3,129
nb,60,10,3,130
nb,60,10,3,131
nb,60,10,3,132
nb,60,10,3,133
nb,60,10,3,134
nb,60,10,3,135
nb,60,10,3,136
nb,60,10,3,137
nb,60,10,3,138
nb,60,10,3,139
nb,60,10,3,140
nb,60,10,3,141
nb,60,10,3,142
nb,60,10,3,143
nb,60,10,3,144
nb,60,10,3,145
nb,60,10,3,146
nb,60,10,3,147
nb,60,10,3,148
nb,60,10,3,149
nb,60,10,3,150
nb,60,10,3,168
nb,60,10,3,169
nb,60,10,3,170
nb,60,10,3,171
nb,60,10,3,172
nb,60,10,3,173
nb,60,10,3,174
nb,60,10,3,175
nb,60,10,3,176
nb,60,10,3,177
nb,60,10,3,178
nb,60,10,3,179
nb,60,10,3,180
nb,60,10,3,181
nb,60,10,3,182
nb,60,10,3,183
nb,60,10,3,184
nb,60,10,3,185
nb,60,10,3,186
nb,60,10,3,187
nb,60,10,3,188
nb,60,10,3,189
nb,60,10,3,190
nb,60,10,3,191
nb,60,10,3,192
nb,60,10,3,193
nb,60,10,3,194
nb,60,10,3,195
nb,60,10,3,196
nb,60,10,3,197
nb,60,10,3,198
nb,60,10,3,199
nb,60,10,3,200
nb,60,20,1,29
nb,60,20,1,30
nb,60,20,1,31
nb,60,20,1,32
nb,60,20,1,33
nb,60,20,1,34
nb,60,20,1,35
nb,60,20,1,36
nb,60,20,1,37
nb,60,20,1,38
nb,60,20,1,39
nb,60,20,1,40
nb,60,20,1,41
nb,60,20,1,42
nb,60,20,1,43
nb,60,20,1,44
nb,60,20,1,45
nb,60,20,1,46
nb,60,20,1,47
nb,60,20,1,48
nb,60,20,1,49
nb,60,20,1,50
nb,60,20,1,85
nb,60,20,1,86
nb,60,20,1,87
nb,60,20,1,88
nb,60,20,1,89
nb,60,20,1,90
nb,60,20,1,91
nb,60,20,1,92
nb,60,20,1,93
nb,60,20,1,94
nb,60,20,1,95
nb,60,20,1,96
nb,60,20,1,97
nb,60,20,1,98
nb,60,20,1,99
nb,60,20,1,100
nb,60,20,1,134
nb,60,20,1,135
nb,60,20,1,136
nb,60,20,1,137
nb,60,20,1,138
nb,60,20,1,139
nb,60,20,1,140
nb,60,20,1,141
nb,60,20,1,142
nb,60,20,1,143
nb,60,20,1,144
nb,60,20,1,145
nb,60,20,1,146
nb,60,20,1,147
nb,60,20,1,148
nb,60,20,1,149
nb,60,20,1,150
nb,60,20,1,181
nb,60,20,1,182
nb,60,20,1,183
nb,60,20,1,184
nb,60,20,1,185
nb,60,20,1,186
nb,60,20,1,187
nb,60,20,1,188
nb,60,20,1,189
nb,60,20,1,190
nb,60,20,1,191
nb,60,20,1,192
nb,60,20,1,193
nb,60,20,1,194
nb,60,20,1,195
nb,60,20,1,196
nb,60,20,1,197
nb,60,20,1,198
nb,60,20,1,199
nb,60,20,1,200
nb,60,20,2,16
nb,60,20,2,17
nb,60,20,2,18
nb,60,20,2,19
nb,60,20,2,20
nb,60,20,2,21
nb,60,20,2,22
nb,60,20,2,23
nb,60,20,2,24
nb,60,20,2,25
nb,60,20,2,26
nb,60,20,2,27
nb,60,20,2,28
nb,60,20,2,29
nb,60,20,2,30
nb,60,20,2,31
nb,60,20,2,32
nb,60,20,2,33
nb,60,20,2,34
nb,60,20,2,35
nb,60,20,2,36
nb,60,20,2,37
nb,60,20,2,38
nb,60,20,2,39
nb,60,20,2,40
nb,60,20,2,41
nb,60,20,2,42
nb,60,20,2,43
nb,60,20,2,44
nb,60,20,2,45
nb,60,20,2,46
nb,60,20,2,47
nb,60,20,2,48
nb,60,20,2,49
nb,60,20,2,50
nb,60,20,2,67
nb,60,20,2,68
nb,60,20,2,69
nb,60,20,2,70
nb,60,20,2,71
nb,60,20,2,72
nb,60,20,2,73
nb,60,20,2,74
nb,60,20,2,75
nb,60,20,2,76
nb,60,20,2,77
nb,60,20,2,78
nb,60,20,2,79
nb,60,20,2,80
nb,60,20,2,81
nb,60,20,2,82
nb,60,20,2,83
nb,60,20,2,84
nb,60,20,2,85
nb,60,20,2,86
nb,60,20,2,87
nb,60,20,2,88
nb,60,20,2,89
nb,60,20,2,90
nb,60,20,2,91
nb,60,20,2,92
nb,60,20,2,93
nb,60,20,2,94
nb,60,20,2,95
nb,60,20,2,96
nb,60,20,2,97
nb,60,20,2,98
nb,60,20,2,99
nb,60,20,2,100
nb,60,20,2,115
nb,60,20,2,116
nb,60,20,2,117
nb,60,20,2,118
nb,60,20,2,119
nb,60,20,2,120
nb,60,20,2,121
nb,60,20,2,122
nb,60,20,2,123
nb,60,20,2,124
nb,60,20,2,125
nb,60,20,2,126
nb,60,20,2,127
nb,60,20,2,128
nb,60,20,2,129
nb,60,20,2,130
nb,60,20,2,131
nb,60,20,2,132
nb,60,20,2,133
nb,60,20,2,134
nb,60,20,2,135
nb,60,20,2,136
nb,60,20,2,137
nb,60,20,2,138
nb,60,20,2,139
nb,60,20,2,140
nb,60,20,2,141
nb,60,20,2,142
nb,60,20,2,143
nb,60,20,2,144
nb,60,20,2,145
nb,60,20,2,146
nb,60,20,2,147
nb,60,20,2,148
nb,60,20,2,149
nb,60,20,2,150
nb,60,20,2,164
nb,60,20,2,165
nb,60,20,2,166
nb,60,20,2,167
nb,60,20,2,168
nb,60,20,2,169
nb,60,20,2,170
nb,60,20,2,171
nb,60,20,2,172
nb,60,20,2,173
nb,60,20,2,174
nb,60,20,2,175
nb,60,20,2,176
nb,60,20,2,177
nb,60,20,2,178
nb,60,20,2,179
nb,60,20,2,180
nb,60,20,2,181
nb,60,20,2,182
nb,60,20,2,183
nb,60,20,2,184
nb,60,20,2,185
nb,60,20,2,186
nb,60,20,2,187
nb,60,20,2,188
nb,60,20,2,189
nb,60,20,2,190
nb,60,20,2,191
nb,60,20,2,192
nb,60,20,2,193
nb,60,20,2,194
nb,60,20,2,195
nb,60,20,2,196
nb,60,20,2,197
nb,60,20,2,198
nb,60,20,2,199
nb,60,20,2,200
nb,60,20,3,10
nb,60,20,3,11
nb,60,20,3,12
nb,60,20,3,13
nb,60,20,3,14
nb,60,20,3,15
nb,60,20,3,16
nb,60,20,3,17
nb,60,20,3,18
nb,60,20,3,19
nb,60,20,3,20
nb,60,20,3,21
nb,60,20,3,22
nb,60,20,3,23
nb,60,20,3,24
nb,60,20,3,25
nb,60,20,3,26
nb,60,20,3,27
nb,60,20,3,28
nb,60,20,3,29
nb,60,20,3,30
nb,60,20,3,31
nb,60,20,3,32
nb,60,20,3,33
nb,60,20,3,34
nb,60,20,3,35
nb,60,20,3,36
nb,60,20,3,37
nb,60,20,3,38
nb,60,20,3,39
nb,60,20,3,40
nb,60,20,3,41
nb,60,20,3,42
nb,60,20,3,43
nb,60,20,3,44
nb,60,20,3,45
nb,60,20,3,46
nb,60,20,3,47
nb,60,20,3,48
nb,60,20,3,49
nb,60,20,3,50
nb,60,20,3,59
nb,60,20,3,60
nb,60,20,3,61
nb,60,20,3,62
nb,60,20,3,63
nb,60,20,3,64
nb,60,20,3,65
nb,60,20,3,66
nb,60,20,3,67
nb,60,20,3,68
nb,60,20,3,69
nb,60,20,3,70
nb,60,20,3,71
nb,60,20,3,72
nb,60,20,3,73
nb,60,20,3,74
nb,60,20,3,75
nb,60,20,3,76
nb,60,20,3,77
nb,60,20,3,78
nb,60,20,3,79
nb,60,20,3,80
nb,60,20,3,81
nb,60,20,3,82
nb,60,20,3,83
nb,60,20,3,84
nb,60,20,3,85
nb,60,20,3,86
nb,60,20,3,87
nb,60,20,3,88
nb,60,20,3,89
nb,60,20,3,90
nb,60,20,3,91
nb,60,20,3,92
nb,60,20,3,93
nb,60,20,3,94
nb,60,20,3,95
nb,60,20,3,96
nb,60,20,3,97
nb,60,20,3,98
nb,60,20,3,99
nb,60,20,3,100
nb,60,20,3,110
nb,60,20,3,111
nb,60,20,3,112
nb,60,20,3,113
nb,60,20,3,114
nb,60,20,3,115
nb,60,20,3,116
nb,60,20,3,117
nb,60,20,3,118
nb,60,20,3,119
nb,60,20,3,120
nb,60,20,3,121
nb,60,20,3,122
nb,60,20,3,123
nb,60,20,3,124
nb,60,20,3,125
nb,60,20,3,126
nb,60,20,3,127
nb,60,20,3,128
nb,60,20,3,129
nb,60,20,3,130
nb,60,20,3,131
nb,60,20,3,132
nb,60,20,3,133
nb,60,20,3,134
nb,60,20,3,135
nb,60,20,3,136
nb,60,20,3,137
nb,60,20,3,138
nb,60,20,3,139
nb,60,20,3,140
nb,60,20,3,141
nb,60,20,3,142
nb,60,20,3,143
nb,60,20,3,144
nb,60,20,3,145
nb,60,20,3,146
nb,60,20,3,147
nb,60,20,3,148
nb,60,20,3,149
nb,60,20,3,150
nb,60,20,3,160
nb,60,20,3,161
nb,60,20,3,162
nb,60,20,3,163
nb,60,20,3,164
nb,60,20,3,165
nb,60,20,3,166
nb,60,20,3,167
nb,60,20,3,168
nb,60,20,3,169
nb,60,20,3,170
nb,60,20,3,171
nb,60,20,3,172
nb,60,20,3,173
nb,60,20,3,174
nb,60,20,3,175
nb,60,20,3,176
nb,60,20,3,177
nb,60,20,3,178
nb,60,20,3,179
nb,60,20,3,180
nb,60,20,3,181
nb,60,20,3,182
nb,60,20,3,183
nb,60,20,3,184
nb,60,20,3,185
nb,60,20,3,186
nb,60,20,3,187
nb,60,20,3,188
nb,60,20,3,189
nb,60,20,3,190
nb,60,20,3,191
nb,60,20,3,192
nb,60,20,3,193
nb,60,20,3,194
nb,60,20,3,195
nb,60,20,3,196
nb,60,20,3,197
nb,60,20,3,198
nb,60,20,3,199
nb,60,20,3,200
nb,120,10,2,23
nb,120,10,2,24
nb,120,10,2,25
nb,120,10,2,26
nb,120,10,2,27
nb,120,10,2,28
nb,120,10,2,29
nb,120,10,2,30
nb,120,10,2,31
nb,120,10,2,32
nb,120,10,2,33
nb,120,10,2,34
nb,120,10,2,35
nb,120,10,2,36
nb,120,10,2,37
nb,120,10,2,38
nb,120,10,2,39
nb,120,10,2,40
nb,120,10,2,41
nb,120,10,2,42
nb,120,10,2,43
nb,120,10,2,44
nb,120,10,2,45
nb,120,10,2,46
nb,120,10,2,47
nb,120,10,2,48
nb,120,10,2,49
nb,120,10,2,50
nb,120,10,2,67
nb,120,10,2,68
nb,120,10,2,69
nb,120,10,2,70
nb,120,10,2,71
nb,120,10,2,72
nb,120,10,2,73
nb,120,10,2,74
nb,120,10,2,75
nb,120,10,2,76
nb,120,10,2,77
nb,120,10,2,78
nb,120,10,2,79
nb,120,10,2,80
nb,120,10,2,81
nb,120,10,2,82
nb,120,10,2,83
nb,120,10,2,84
nb,120,10,2,85
nb,120,10,2,86
nb,120,10,2,87
nb,120,10,2,88
nb,120,10,2,89
nb,120,10,2,90
nb,120,10,2,91
nb,120,10,2,92
nb,120,10,2,93
nb,120,10,2,94
nb,120,10,2,95
nb,120,10,2,96
nb,120,10,2,97
nb,120,10,2,98
nb,120,10,2,99
nb,120,10,2,100
nb,120,10,2,121
nb,120,10,2,122
nb,120,10,2,123
nb,120,10,2,124
nb,120,10,2,125
nb,120,10,2,126
nb,120,10,2,127
nb,120,10,2,128
nb,120,10,2,129
nb,120,10,2,130
nb,120,10,2,131
nb,120,10,2,132
nb,120,10,2,133
nb,120,10,2,134
nb,120,10,2,135
nb,120,10,2,136
nb,120,10,2,137
nb,120,10,2,138
nb,120,10,2,139
nb,120,10,2,140
nb,120,10,2,141
nb,120,10,2,142
nb,120,10,2,143
nb,120,10,2,144
nb,120,10,2,145
nb,120,10,2,146
nb,120,10,2,147
nb,120,10,2,148
nb,120,10,2,149
nb,120,10,2,150
nb,120,10,2,169
nb,120,10,2,170
nb,120,10,2,171
nb,120,10,2,172
nb,120,10,2,173
nb,120,10,2,174
nb,120,10,2,175
nb,120,10,2,176
nb,120,10,2,177
nb,120,10,2,178
nb,120,10,2,179
nb,120,10,2,180
nb,120,10,2,181
nb,120,10,2,182
nb,120,10,2,183
nb,120,10,2,184
nb,120,10,2,185
nb,120,10,2,186
nb,120,10,2,187
nb,120,10,2,188
nb,120,10,2,189
nb,120,10,2,190
nb,120,10,2,191
nb,120,10,2,192
nb,120,10,2,193
nb,120,10,2,194
nb,120,10,2,195
nb,120,10,2,196
nb,120,10,2,197
nb,120,10,2,198
nb,120,10,2,199
nb,120,10,2,200
nb,120,10,3,8
nb,120,10,3,9
nb,120,10,3,10
nb,120,10,3,11
nb,120,10,3,12
nb,120,10,3,13
nb,120,10,3,14
nb,120,10,3,15
nb,120,10,3,16
nb,120,10,3,17
nb,120,10,3,18
nb,120,10,3,19
nb,120,10,3,20
nb,120,10,3,21
nb,120,10,3,22
nb,120,10,3,23
nb,120,10,3,24
nb,120,10,3,25
nb,120,10,3,26
nb,120,10,3,27
nb,120,10,3,28
nb,120,10,3,29
nb,120,10,3,30
nb,120,10,3,31
nb,120,10,3,32
nb,120,10,3,33
nb,120,10,3,34
nb,120,10,3,35
nb,120,10,3,36
nb,120,10,3,37
nb,120,10,3,38
nb,120,10,3,39
nb,120,10,3,40
nb,120,10,3,41
nb,120,10,3,42
nb,120,10,3,43
nb,120,10,3,44
nb,120,10,3,45
nb,120,10,3,46
nb,120,10,3,47
nb,120,10,3,48
nb,120,10,3,49
nb,120,10,3,50
nb,120,10,3,60
nb,120,10,3,61
nb,120,10,3,62
nb,120,10,3,63
nb,120,10,3,64
nb,120,10,3,65
nb,120,10,3,66
nb,120,10,3,67
nb,120,10,3,68
nb,120,10,3,69
nb,120,10,3,70
nb,120,10,3,71
nb,120,10,3,72
nb,120,10,3,73
nb,120,10,3,74
nb,120,10,3,75
nb,120,10,3,76
nb,120,10,3,77
nb,120,10,3,78
nb,120,10,3,79
nb,120,10,3,80
nb,120,10,3,81
nb,120,10,3,82
nb,120,10,3,83
nb,120,10,3,84
nb,120,10,3,85
nb,120,10,3,86
nb,120,10,3,87
nb,120,10,3,88
nb,120,10,3,89
nb,120,10,3,90
nb,120,10,3,91
nb,120,10,3,92
nb,120,10,3,93
nb,120,10,3,94
nb,120,10,3,95
nb,120,10,3,96
nb,120,10,3,97
nb,120,10,3,98
nb,120,10,3,99
nb,120,10,3,100
nb,120,10,3,111
nb,120,10,3,112
nb,120,10,3,113
nb,120,10,3,114
nb,120,10,3,115
nb,120,10,3,116
nb,120,10,3,117
nb,120,10,3,118
nb,120,10,3,119
nb,120,10,3,120
nb,120,10,3,121
nb,120,10,3,122
nb,120,10,3,123
nb,120,10,3,124
nb,120,10,3,125
nb,120,10,3,126
nb,120,10,3,127
nb,120,10,3,128
nb,120,10,3,129
nb,120,10,3,130
nb,120,10,3,131
nb,120,10,3,132
nb,120,10,3,133
nb,120,10,3,134
nb,120,10,3,135
nb,120,10,3,136
nb,120,10,3,137
nb,120,10,3,138
nb,120,10,3,139
nb,120,10,3,140
nb,120,10,3,141
nb,120,10,3,142
nb,120,10,3,143
nb,120,10,3,144
nb,120,10,3,145
nb,120,10,3,146
nb,120,10,3,147
nb,120,10,3,148
nb,120,10,3,149
nb,120,10,3,150
nb,120,10,3,162
nb,120,10,3,163
nb,120,10,3,164
nb,120,10,3,165
nb,120,10,3,166
nb,120,10,3,167
nb,120,10,3,168
nb,120,10,3,169
nb,120,10,3,170
nb,120,10,3,171
nb,120,10,3,172
nb,120,10,3,173
nb,120,10,3,174
nb,120,10,3,175
nb,120,10,3,176
nb,120,10,3,177
nb,120,10,3,178
nb,120,10,3,179
nb,120,10,3,180
nb,120,10,3,181
nb,120,10,3,182
nb,120,10,3,183
nb,120,10,3,184
nb,120,10,3,185
nb,120,10,3,186
nb,120,10,3,187
nb,120,10,3,188
nb,120,10,3,189
nb,120,10,3,190
nb,120,10,3,191
nb,120,10,3,192
nb,120,10,3,193
nb,120,10,3,194
nb,120,10,3,195
nb,120,10,3,196
nb,120,10,3,197
nb,120,10,3,198
nb,120,10,3,199
nb,120,10,3,200
nb,120,20,2,60
nb,120,20,2,79
nb,120,20,2,80
nb,120,20,2,89
nb,120,20,2,90
nb,120,20,2,119
nb,120,20,2,120
nb,120,20,2,129
nb,120,20,2,130
nb,120,20,3,9
nb,120,20,3,10
nb,120,20,3,18
nb,120,20,3,19
nb,120,20,3,20
nb,120,20,3,25
nb,120,20,3,26
nb,120,20,3,27
nb,120,20,3,28
nb,120,20,3,29
nb,120,20,3,30
nb,120,20,3,36
nb,120,20,3,37
nb,120,20,3,38
nb,120,20,3,39
nb,120,20,3,40
nb,120,20,3,56
nb,120,20,3,57
nb,120,20,3,58
nb,120,20,3,59
nb,120,20,3,60
nb,120,20,3,68
nb,120,20,3,69
nb,120,20,3,70
nb,120,20,3,79
nb,120,20,3,80
nb,120,20,3,86
nb,120,20,3,87
nb,120,20,3,88
nb,120,20,3,89
nb,120,20,3,90
nb,120,20,3,95
nb,120,20,3,96
nb,120,20,3,97
nb,120,20,3,98
nb,120,20,3,99
nb,120,20,3,100
nb,120,20,3,129
nb,120,20,3,130
nb,120,20,3,169
nb,120,20,3,170
nb,120,20,3,177
nb,120,20,3,178
nb,120,20,3,179
nb,120,20,3,180
nb,120,20,3,187
nb,120,20,3,188
nb,120,20,3,189
nb,120,20,3,190
nb,120,20,3,196
nb,120,20,3,197
nb,120,20,3,198
nb,120,20,3,199
nb,120,20,3,200
nb,300,10,2,30
nb,300,10,2,120
nb,300,10,3,6
nb,300,10,3,7
nb,300,10,3,8
nb,300,10,3,9
nb,300,10,3,10
nb,300,10,3,17
nb,300,10,3,18
nb,300,10,3,19
nb,300,10,3,20
nb,300,10,3,38
nb,300,10,3,39
nb,300,10,3,40
nb,300,10,3,46
nb,300,10,3,47
nb,300,10,3,48
nb,300,10,3,49
nb,300,10,3,50
nb,300,10,3,54
nb,300,10,3,55
nb,300,10,3,56
nb,300,10,3,57
nb,300,10,3,58
nb,300,10,3,59
nb,300,10,3,60
nb,300,10,3,66
nb,300,10,3,67
nb,300,10,3,68
nb,300,10,3,69
nb,300,10,3,70
nb,300,10,3,75
nb,300,10,3,76
nb,300,10,3,77
nb,300,10,3,78
nb,300,10,3,79
nb,300,10,3,80
nb,300,10,3,89
nb,300,10,3,90
nb,300,10,3,97
nb,300,10,3,98
nb,300,10,3,99
nb,300,10,3,100
nb,300,10,3,110
nb,300,10,3,116
nb,300,10,3,117
nb,300,10,3,118
nb,300,10,3,119
nb,300,10,3,120
nb,300,10,3,129
nb,300,10,3,130
nb,300,10,3,139
nb,300,10,3,140
nb,300,10,3,146
nb,300,10,3,147
nb,300,10,3,148
nb,300,10,3,149
nb,300,10,3,150
nb,300,10,3,157
nb,300,10,3,158
nb,300,10,3,159
nb,300,10,3,160
nb,300,10,3,180
nb,300,10,3,188
nb,300,10,3,189
nb,300,10,3,190
nb,300,10,3,199
nb,300,10,3,200
nb,300,20,2,18
nb,300,20,2,19
nb,300,20,2,20
nb,300,20,2,44
nb,300,20,2,45
nb,300,20,2,46
nb,300,20,2,47
nb,300,20,2,48
nb,300,20,2,49
nb,300,20,2,50
nb,300,20,2,59
nb,300,20,2,60
nb,300,20,2,70
nb,300,20,2,80
nb,300,20,2,119
nb,300,20,2,120
nb,300,20,2,130
nb,300,20,2,136
nb,300,20,2,137
nb,300,20,2,138
nb,300,20,2,139
nb,300,20,2,140
nb,300,20,2,149
nb,300,20,2,150
nb,300,20,2,160
nb,300,20,2,167
nb,300,20,2,168
nb,300,20,2,169
nb,300,20,2,170
nb,300,20,2,180
nb,300,20,2,190
nb,300,20,2,197
nb,300,20,2,198
nb,300,20,2,199
nb,300,20,2,200
nb,300,20,3,8
nb,300,20,3,9
nb,300,20,3,10
nb,300,20,3,17
nb,300,20,3,18
nb,300,20,3,19
nb,300,20,3,20
nb,300,20,3,24
nb,300,20,3,25
nb,300,20,3,26
nb,300,20,3,27
nb,300,20,3,28
nb,300,20,3,29
nb,300,20,3,30
nb,300,20,3,47
nb,300,20,3,48
nb,300,20,3,49
nb,300,20,3,50
nb,300,20,3,55
nb,300,20,3,56
nb,300,20,3,57
nb,300,20,3,58
nb,300,20,3,59
nb,300,20,3,60
nb,300,20,3,64
nb,300,20,3,65
nb,300,20,3,66
nb,300,20,3,67
nb,300,20,3,68
nb,300,20,3,69
nb,300,20,3,70
nb,300,20,3,76
nb,300,20,3,77
nb,300,20,3,78
nb,300,20,3,79
nb,300,20,3,80
nb,300,20,3,89
nb,300,20,3,90
nb,300,20,3,98
nb,300,20,3,99
nb,300,20,3,100
nb,300,20,3,106
nb,300,20,3,107
nb,300,20,3,108
nb,300,20,3,109
nb,300,20,3,110
nb,300,20,3,118
nb,300,20,3,119
nb,300,20,3,120
nb,300,20,3,126
nb,300,20,3,127
nb,300,20,3,128
nb,300,20,3,129
nb,300,20,3,130
nb,300,20,3,147
nb,300,20,3,148
nb,300,20,3,149
nb,300,20,3,150
nb,300,20,3,155
nb,300,20,3,156
nb,300,20,3,157
nb,300,20,3,158
nb,300,20,3,159
nb,300,20,3,160
nb,300,20,3,166
nb,300,20,3,167
nb,300,20,3,168
nb,300,20,3,169
nb,300,20,3,170
nb,300,20,3,177
nb,300,20,3,178
nb,300,20,3,179
nb,300,20,3,180
nb,300,20,3,184
nb,300,20,3,185
nb,300,20,3,186
nb,300,20,3,187
nb,300,20,3,188
nb,300,20,3,189
nb,300,20,3,190
nb,300,20,3,192
nb,300,20,3,193
nb,300,20,3,194
nb,300,20,3,195
nb,300,20,3,196
nb,300,20,3,197
nb,300,20,3,198
nb,300,20,3,199
nb,300,20,3,200
