task,first,last,est_secs
1,1,2,19666
2,3,4,19666
3,5,6,19666
4,7,8,19666
5,9,10,19666
6,11,12,19666
7,13,14,19666
8,15,16,19666
9,17,18,19666
10,19,20,19666
11,21,22,19666
12,23,24,19666
13,25,26,19666
14,27,28,19666
15,29,30,19666
16,31,32,19666
17,33,34,19666
18,35,36,19666
19,37,38,19666
20,39,40,19666
21,41,42,19666
22,43,44,19666
23,45,46,19666
24,47,48,19666
25,49,50,19666
26,51,52,19666
27,53,54,19666
28,55,56,19666
29,57,58,19666
30,59,60,19666
31,61,62,19666
32,63,64,19666
33,65,66,19666
34,67,68,19666
35,69,70,19666
36,71,72,19666
37,73,74,19666
38,75,76,19666
39,77,78,19666
40,79,80,19666
41,81,82,19666
42,83,84,19666
43,85,86,19666
44,87,88,19666
45,89,90,19666
46,91,92,19666
47,93,94,19666
48,95,96,19666
49,97,98,19666
50,99,100,19666
51,101,102,19666
52,103,104,19666
53,105,106,19666
54,107,108,19666
55,109,110,19666
56,111,112,19666
57,113,114,19666
58,115,116,19666
59,117,118,19666
60,119,120,19666
61,121,122,19666
62,123,124,19666
63,125,126,19666
64,127,128,19666
65,129,130,19666
66,131,132,19666
67,133,134,19666
68,135,136,19666
69,137,138,19666
70,139,140,19666
71,141,142,19666
72,143,144,19666
73,145,146,19666
74,147,148,19666
75,149,150,19666
76,151,152,19666
77,153,154,19666
78,155,156,19666
79,157,158,19666
80,159,160,19666
81,161,162,19666
82,163,164,19666
83,165,166,19666
84,167,168,19666
85,169,170,19666
86,171,172,19666
87,173,174,19666
88,175,176,19666
89,177,178,19666
90,179,180,19666
91,181,182,19666
92,183,184,19666
93,185,186,19666
94,187,188,19666
95,189,190,19666
96,191,192,19666
97,193,194,19666
98,195,196,19666
99,197,198,19666
100,199,200,19666
101,201,203,25631
102,204,206,25631
103,207,209,25631
104,210,212,25631
105,213,215,25631
106,216,218,25631
107,219,221,25631
108,222,224,25631
109,225,227,25631
110,228,230,25631
111,231,233,25631
112,234,236,25631
113,237,239,25631
114,240,242,25631
115,243,245,25631
116,246,248,25631
117,249,251,25631
118,252,254,25631
119,255,257,25631
120,258,260,25631
121,261,263,25631
122,264,266,25631
123,267,269,25631
124,270,272,25631
125,273,275,25631
126,276,278,25631
127,279,281,25631
128,282,284,25631
129,285,287,25631
130,288,290,25631
131,291,293,25631
132,294,296,25631
133,297,299,25631
134,300,302,25631
135,303,305,25631
136,306,308,25631
137,309,311,25631
138,312,314,25631
139,315,317,25631
140,318,320,25631
141,321,323,25631
142,324,326,25631
143,327,329,25631
144,330,332,25631
145,333,335,25631
146,336,338,25631
147,339,341,25631
148,342,344,25631
149,345,347,25631
150,348,350,25631
151,351,353,25631
152,354,356,25631
153,357,359,25631
154,360,362,25631
155,363,365,25631
156,366,368,25631
157,369,371,25631
158,372,374,25631
159,375,377,25631
160,378,380,25631
161,381,383,25631
162,384,386,25631
163,387,389,25631
164,390,392,25631
165,393,395,25631
166,396,398,25631
167,399,401,25142
168,402,404,24165
169,405,407,24165
170,408,410,24165
171,411,413,24165
172,414,416,24165
173,417,419,24165
174,420,422,24165
175,423,425,24165
176,426,428,24165
177,429,431,24165
178,432,434,24165
179,435,437,24165
180,438,440,24165
181,441,443,24165
182,444,446,24165
183,447,449,24165
184,450,452,24165
185,453,455,24165
186,456,458,24165
187,459,461,24165
188,462,464,24165
189,465,467,24165
190,468,470,24165
191,471,473,24165
192,474,476,24165
193,477,479,24165
194,480,482,24165
195,483,485,24165
196,486,488,24165
197,489,491,24165
198,492,494,24165
199,495,497,24165
200,498,500,24165
201,501,503,24165
202,504,506,24165
203,507,509,24165
204,510,512,24165
205,513,515,24165
206,516,518,24165
207,519,521,24165
208,522,524,24165
209,525,527,24165
210,528,530,24165
211,531,533,24165
212,534,536,24165
213,537,539,24165
214,540,542,24165
215,543,545,24165
216,546,548,24165
217,549,551,24165
218,552,554,24165
219,555,557,24165
220,558,560,24165
221,561,563,24165
222,564,566,24165
223,567,569,24165
224,570,572,24165
225,573,575,24165
226,576,578,24165
227,579,581,24165
228,582,584,24165
229,585,587,24165
230,588,590,24165
231,591,593,24165
232,594,596,24165
233,597,599,24165
234,600,602,22618
235,603,605,21844
236,606,608,21844
237,609,611,21844
238,612,614,21844
239,615,617,21844
240,618,620,21844
241,621,623,21844
242,624,626,21844
243,627,629,21844
244,630,632,21844
245,633,635,21844
246,636,638,21844
247,639,641,21844
248,642,644,21844
249,645,647,21844
250,648,650,21844
251,651,653,21844
252,654,656,21844
253,657,659,21844
254,660,662,21844
255,663,665,21844
256,666,668,21844
257,669,671,21844
258,672,674,21844
259,675,677,21844
260,678,680,21844
261,681,683,21844
262,684,686,21844
263,687,689,21844
264,690,692,21844
265,693,695,21844
266,696,698,21844
267,699,701,21844
268,702,704,21844
269,705,707,21844
270,708,710,21844
271,711,713,21844
272,714,716,21844
273,717,719,21844
274,720,722,21844
275,723,725,21844
276,726,728,21844
277,729,731,21844
278,732,734,21844
279,735,737,21844
280,738,740,21844
281,741,743,21844
282,744,746,21844
283,747,749,21844
284,750,752,21844
285,753,755,21844
286,756,758,21844
287,759,761,21844
288,762,764,21844
289,765,767,21844
290,768,770,21844
291,771,773,21844
292,774,776,21844
293,777,779,21844
294,780,782,21844
295,783,785,21844
296,786,788,21844
297,789,791,21844
298,792,794,21844
299,795,797,21844
300,798,800,21844
301,801,803,19981
302,804,806,19981
303,807,809,19981
304,810,812,19981
305,813,815,19981
306,816,818,19981
307,819,821,19981
308,822,824,19981
309,825,827,19981
310,828,830,19981
311,831,833,19981
312,834,836,19981
313,837,839,19981
314,840,842,19981
315,843,845,19981
316,846,848,19981
317,849,851,19981
318,852,854,19981
319,855,857,19981
320,858,860,19981
321,861,863,19981
322,864,866,19981
323,867,869,19981
324,870,872,19981
325,873,875,19981
326,876,878,19981
327,879,881,19981
328,882,884,19981
329,885,887,19981
330,888,890,19981
331,891,893,19981
332,894,896,19981
333,897,899,19981
334,900,902,19981
335,903,905,19981
336,906,908,19981
337,909,911,19981
338,912,914,19981
339,915,917,19981
340,918,920,19981
341,921,923,19981
342,924,926,19981
343,927,929,19981
344,930,932,19981
345,933,935,19981
346,936,938,19981
347,939,941,19981
348,942,944,19981
349,945,947,19981
350,948,950,19981
351,951,953,19981
352,954,956,19981
353,957,959,19981
354,960,962,19981
355,963,965,19981
356,966,968,19981
357,969,971,19981
358,972,974,19981
359,975,977,19981
360,978,980,19981
361,981,983,19981
362,984,986,19981
363,987,989,19981
364,990,992,19981
365,993,995,19981
366,996,998,19981
367,999,1001,19860
368,1002,1004,19617
369,1005,1007,19617
370,1008,1010,19617
371,1011,1013,19617
372,1014,1016,19617
373,1017,1019,19617
374,1020,1022,19617
375,1023,1025,19617
376,1026,1028,19617
377,1029,1031,19617
378,1032,1034,19617
379,1035,1037,19617
380,1038,1040,19617
381,1041,1043,19617
382,1044,1046,19617
383,1047,1049,19617
384,1050,1052,19617
385,1053,1055,19617
386,1056,1058,19617
387,1059,1061,19617
388,1062,1064,19617
389,1065,1067,19617
390,1068,1070,19617
391,1071,1073,19617
392,1074,1076,19617
393,1077,1079,19617
394,1080,1082,19617
395,1083,1085,19617
396,1086,1088,19617
397,1089,1091,19617
398,1092,1094,19617
399,1095,1097,19617
400,1098,1100,19617
401,1101,1103,19617
402,1104,1106,19617
403,1107,1109,19617
404,1110,1112,19617
405,1113,1115,19617
406,1116,1118,19617
407,1119,1121,19617
408,1122,1124,19617
409,1125,1127,19617
410,1128,1130,19617
411,1131,1133,19617
412,1134,1136,19617
413,1137,1139,19617
414,1140,1142,19617
415,1143,1145,19617
416,1146,1148,19617
417,1149,1151,19617
418,1152,1154,19617
419,1155,1157,19617
420,1158,1160,19617
421,1161,1163,19617
422,1164,1166,19617
423,1167,1169,19617
424,1170,1172,19617
425,1173,1175,19617
426,1176,1178,19617
427,1179,1181,19617
428,1182,1184,19617
429,1185,1187,19617
430,1188,1190,19617
431,1191,1193,19617
432,1194,1196,19617
433,1197,1199,19617
434,1200,1202,18390
435,1203,1206,23702
436,1207,1210,23702
437,1211,1214,23702
438,1215,1218,23702
439,1219,1222,23702
440,1223,1226,23702
441,1227,1230,23702
442,1231,1234,23702
443,1235,1238,23702
444,1239,1242,23702
445,1243,1246,23702
446,1247,1250,23702
447,1251,1254,23702
448,1255,1258,23702
449,1259,1262,23702
450,1263,1266,23702
451,1267,1270,23702
452,1271,1274,23702
453,1275,1278,23702
454,1279,1282,23702
455,1283,1286,23702
456,1287,1290,23702
457,1291,1294,23702
458,1295,1298,23702
459,1299,1302,23702
460,1303,1306,23702
461,1307,1310,23702
462,1311,1314,23702
463,1315,1318,23702
464,1319,1322,23702
465,1323,1326,23702
466,1327,1330,23702
467,1331,1334,23702
468,1335,1338,23702
469,1339,1342,23702
470,1343,1346,23702
471,1347,1350,23702
472,1351,1354,23702
473,1355,1358,23702
474,1359,1362,23702
475,1363,1366,23702
476,1367,1370,23702
477,1371,1374,23702
478,1375,1378,23702
479,1379,1382,23702
480,1383,1386,23702
481,1387,1390,23702
482,1391,1394,23702
483,1395,1398,23702
484,1399,1402,22982
485,1403,1406,22263
486,1407,1410,22263
487,1411,1414,22263
488,1415,1418,22263
489,1419,1422,22263
490,1423,1426,22263
491,1427,1430,22263
492,1431,1434,22263
493,1435,1438,22263
494,1439,1442,22263
495,1443,1446,22263
496,1447,1450,22263
497,1451,1454,22263
498,1455,1458,22263
499,1459,1462,22263
500,1463,1466,22263
501,1467,1470,22263
502,1471,1474,22263
503,1475,1478,22263
504,1479,1482,22263
505,1483,1486,22263
506,1487,1490,22263
507,1491,1494,22263
508,1495,1498,22263
509,1499,1502,22263
510,1503,1506,22263
511,1507,1510,22263
512,1511,1514,22263
513,1515,1518,22263
514,1519,1522,22263
515,1523,1526,22263
516,1527,1530,22263
517,1531,1534,22263
518,1535,1538,22263
519,1539,1542,22263
520,1543,1546,22263
521,1547,1550,22263
522,1551,1554,22263
523,1555,1558,22263
524,1559,1562,22263
525,1563,1566,22263
526,1567,1570,22263
527,1571,1574,22263
528,1575,1578,22263
529,1579,1582,22263
530,1583,1586,22263
531,1587,1590,22263
532,1591,1594,22263
533,1595,1598,22263
534,1599,1602,21777
535,1603,1606,21291
536,1607,1610,21291
537,1611,1614,21291
538,1615,1618,21291
539,1619,1622,21291
540,1623,1626,21291
541,1627,1630,21291
542,1631,1634,21291
543,1635,1638,21291
544,1639,1642,21291
545,1643,1646,21291
546,1647,1650,21291
547,1651,1654,21291
548,1655,1658,21291
549,1659,1662,21291
550,1663,1666,21291
551,1667,1670,21291
552,1671,1674,21291
553,1675,1678,21291
554,1679,1682,21291
555,1683,1686,21291
556,1687,1690,21291
557,1691,1694,21291
558,1695,1698,21291
559,1699,1702,21291
560,1703,1706,21291
561,1707,1710,21291
562,1711,1714,21291
563,1715,1718,21291
564,1719,1722,21291
565,1723,1726,21291
566,1727,1730,21291
567,1731,1734,21291
568,1735,1738,21291
569,1739,1742,21291
570,1743,1746,21291
571,1747,1750,21291
572,1751,1754,21291
573,1755,1758,21291
574,1759,1762,21291
575,1763,1766,21291
576,1767,1770,21291
577,1771,1774,21291
578,1775,1778,21291
579,1779,1782,21291
580,1783,1786,21291
581,1787,1790,21291
582,1791,1794,21291
583,1795,1798,21291
584,1799,1802,19461
585,1803,1807,22039
586,1808,1812,22039
587,1813,1817,22039
588,1818,1822,22039
589,1823,1827,22039
590,1828,1832,22039
591,1833,1837,22039
592,1838,1842,22039
593,1843,1847,22039
594,1848,1852,22039
595,1853,1857,22039
596,1858,1862,22039
597,1863,1867,22039
598,1868,1872,22039
599,1873,1877,22039
600,1878,1882,22039
601,1883,1887,22039
602,1888,1892,22039
603,1893,1897,22039
604,1898,1902,22039
605,1903,1907,22039
606,1908,1912,22039
607,1913,1917,22039
608,1918,1922,22039
609,1923,1927,22039
610,1928,1932,22039
611,1933,1937,22039
612,1938,1942,22039
613,1943,1947,22039
614,1948,1952,22039
615,1953,1957,22039
616,1958,1962,22039
617,1963,1967,22039
618,1968,1972,22039
619,1973,1977,22039
620,1978,1982,22039
621,1983,1987,22039
622,1988,1992,22039
623,1993,1997,22039
624,1998,2002,21834
625,2003,2007,21527
626,2008,2012,21527
627,2013,2017,21527
628,2018,2022,21527
629,2023,2027,21527
630,2028,2032,21527
631,2033,2037,21527
632,2038,2042,21527
633,2043,2047,21527
634,2048,2052,21527
635,2053,2057,21527
636,2058,2062,21527
637,2063,2067,21527
638,2068,2072,21527
639,2073,2077,21527
640,2078,2082,21527
641,2083,2087,21527
642,2088,2092,21527
643,2093,2097,21527
644,2098,2102,21527
645,2103,2107,21527
646,2108,2112,21527
647,2113,2117,21527
648,2118,2122,21527
649,2123,2127,21527
650,2128,2132,21527
651,2133,2137,21527
652,2138,2142,21527
653,2143,2147,21527
654,2148,2152,21527
655,2153,2157,21527
656,2158,2162,21527
657,2163,2167,21527
658,2168,2172,21527
659,2173,2177,21527
660,2178,2182,21527
661,2183,2187,21527
662,2188,2192,21527
663,2193,2197,21527
664,2198,2202,19729
665,2203,2208,20439
666,2209,2214,20439
667,2215,2220,20439
668,2221,2226,20439
669,2227,2232,20439
670,2233,2238,20439
671,2239,2244,20439
672,2245,2250,20439
673,2251,2256,20439
674,2257,2262,20439
675,2263,2268,20439
676,2269,2274,20439
677,2275,2280,20439
678,2281,2286,20439
679,2287,2292,20439
680,2293,2298,20439
681,2299,2304,20439
682,2305,2310,20439
683,2311,2316,20439
684,2317,2322,20439
685,2323,2328,20439
686,2329,2334,20439
687,2335,2340,20439
688,2341,2346,20439
689,2347,2352,20439
690,2353,2358,20439
691,2359,2364,20439
692,2365,2370,20439
693,2371,2376,20439
694,2377,2382,20439
695,2383,2388,20439
696,2389,2394,20439
697,2395,2400,20439
698,2401,2406,20058
699,2407,2412,20058
700,2413,2418,20058
701,2419,2424,20058
702,2425,2430,20058
703,2431,2436,20058
704,2437,2442,20058
705,2443,2448,20058
706,2449,2454,20058
707,2455,2460,20058
708,2461,2466,20058
709,2467,2472,20058
710,2473,2478,20058
711,2479,2484,20058
712,2485,2490,20058
713,2491,2496,20058
714,2497,2502,20058
715,2503,2508,20058
716,2509,2514,20058
717,2515,2520,20058
718,2521,2526,20058
719,2527,2532,20058
720,2533,2538,20058
721,2539,2544,20058
722,2545,2550,20058
723,2551,2556,20058
724,2557,2562,20058
725,2563,2568,20058
726,2569,2574,20058
727,2575,2580,20058
728,2581,2586,20058
729,2587,2592,20058
730,2593,2598,20058
731,2599,2604,19912
732,2605,2610,19838
733,2611,2616,19838
734,2617,2622,19838
735,2623,2628,19838
736,2629,2634,19838
737,2635,2640,19838
738,2641,2646,19838
739,2647,2652,19838
740,2653,2658,19838
741,2659,2664,19838
742,2665,2670,19838
743,2671,2676,19838
744,2677,2682,19838
745,2683,2688,19838
746,2689,2694,19838
747,2695,2700,19838
748,2701,2706,19838
749,2707,2712,19838
750,2713,2718,19838
751,2719,2724,19838
752,2725,2730,19838
753,2731,2736,19838
754,2737,2742,19838
755,2743,2748,19838
756,2749,2754,19838
757,2755,2760,19838
758,2761,2766,19838
759,2767,2772,19838
760,2773,2778,19838
761,2779,2784,19838
762,2785,2790,19838
763,2791,2796,19838
764,2797,2802,19093
765,2803,2809,20535
766,2810,2816,20535
767,2817,2823,20535
768,2824,2830,20535
769,2831,2837,20535
770,2838,2844,20535
771,2845,2851,20535
772,2852,2858,20535
773,2859,2865,20535
774,2866,2872,20535
775,2873,2879,20535
776,2880,2886,20535
777,2887,2893,20535
778,2894,2900,20535
779,2901,2907,20535
780,2908,2914,20535
781,2915,2921,20535
782,2922,2928,20535
783,2929,2935,20535
784,2936,2942,20535
785,2943,2949,20535
786,2950,2956,20535
787,2957,2963,20535
788,2964,2970,20535
789,2971,2977,20535
790,2978,2984,20535
791,2985,2991,20535
792,2992,2998,20535
793,2999,3006,20359
794,3007,3014,19322
795,3015,3022,19322
796,3023,3030,19322
797,3031,3038,19322
798,3039,3046,19322
799,3047,3054,19322
800,3055,3062,19322
801,3063,3070,19322
802,3071,3078,19322
803,3079,3086,19322
804,3087,3094,19322
805,3095,3102,19322
806,3103,3110,19322
807,3111,3118,19322
808,3119,3126,19322
809,3127,3134,19322
810,3135,3142,19322
811,3143,3150,19322
812,3151,3158,19322
813,3159,3166,19322
814,3167,3174,19322
815,3175,3182,19322
816,3183,3190,19322
817,3191,3198,19322
818,3199,3206,18963
819,3207,3214,18843
820,3215,3222,18843
821,3223,3230,18843
822,3231,3238,18843
823,3239,3246,18843
824,3247,3254,18843
825,3255,3262,18843
826,3263,3270,18843
827,3271,3278,18843
828,3279,3286,18843
829,3287,3294,18843
830,3295,3302,18843
831,3303,3310,18843
832,3311,3318,18843
833,3319,3326,18843
834,3327,3334,18843
835,3335,3342,18843
836,3343,3350,18843
837,3351,3358,18843
838,3359,3366,18843
839,3367,3374,18843
840,3375,3382,18843
841,3383,3390,18843
842,3391,3398,18843
843,3399,3407,19609
844,3408,3416,19155
845,3417,3425,19155
846,3426,3434,19155
847,3435,3443,19155
848,3444,3452,19155
849,3453,3461,19155
850,3462,3470,19155
851,3471,3479,19155
852,3480,3488,19155
853,3489,3497,19155
854,3498,3506,19155
855,3507,3515,19155
856,3516,3524,19155
857,3525,3533,19155
858,3534,3542,19155
859,3543,3551,19155
860,3552,3560,19155
861,3561,3569,19155
862,3570,3578,19155
863,3579,3587,19155
864,3588,3596,19155
865,3597,3606,18652
866,3607,3617,18588
867,3618,3628,18588
868,3629,3639,18588
869,3640,3650,18588
870,3651,3661,18588
871,3662,3672,18588
872,3673,3683,18588
873,3684,3694,18588
874,3695,3705,18588
875,3706,3716,18588
876,3717,3727,18588
877,3728,3738,18588
878,3739,3749,18588
879,3750,3760,18588
880,3761,3771,18588
881,3772,3782,18588
882,3783,3793,18588
883,3794,3804,18274
884,3805,3816,19336
885,3817,3828,19336
886,3829,3840,19336
887,3841,3852,19336
888,3853,3864,19336
889,3865,3876,19336
890,3877,3888,19336
891,3889,3900,19336
892,3901,3912,19336
893,3913,3924,19336
894,3925,3936,19336
895,3937,3948,19336
896,3949,3960,19336
897,3961,3972,19336
898,3973,3984,19336
899,3985,3996,19336
900,3997,4009,18924
901,4010,4022,18024
902,4023,4035,18024
903,4036,4048,18024
904,4049,4061,18024
905,4062,4074,18024
906,4075,4087,18024
907,4088,4100,18024
908,4101,4113,18024
909,4114,4126,18024
910,4127,4139,18024
911,4140,4152,18024
912,4153,4165,18024
913,4166,4178,18024
914,4179,4191,18024
915,4192,4205,18238
916,4206,4221,18432
917,4222,4237,18432
918,4238,4253,18432
919,4254,4269,18432
920,4270,4285,18432
921,4286,4301,18432
922,4302,4317,18432
923,4318,4333,18432
924,4334,4349,18432
925,4350,4365,18432
926,4366,4381,18432
927,4382,4397,18432
928,4398,4418,18081
929,4419,4441,18688
930,4442,4464,18688
931,4465,4487,18688
932,4488,4510,18688
933,4511,4533,18688
934,4534,4556,18688
935,4557,4579,18688
936,4580,4602,18315
937,4603,4631,18151
938,4632,4660,18151
939,4661,4689,18151
940,4690,4718,18151
941,4719,4747,18151
942,4748,4776,18151
943,4777,4800,15021
