"n","p","K_true","rep","ridge","sel_bic","sel_bic_sites","statuses","secs"
120,20,3,1,2,2,3,"ok/ok/ok/ok",80.4138450622559
120,20,3,2,2,3,3,"ok/ok/ok/ok",85.9475769996643
120,20,3,3,2,2,3,"ok/ok/ok/ok",85.3907268047333
120,20,3,4,2,1,3,"ok/ok/ok/ok",64.8158478736877
120,20,3,5,2,2,2,"ok/ok/ok/ok",75.4170899391174
120,20,3,6,2,2,3,"ok/ok/ok/ok",77.4772651195526
120,20,3,7,2,3,3,"ok/ok/ok/ok",77.0058629512787
120,20,3,8,2,3,3,"ok/ok/ok/ok",93.7895398139954
120,20,3,9,2,2,3,"ok/ok/ok/ok",83.2772750854492
120,20,3,10,2,3,3,"ok/ok/ok/ok",79.0550458431244
