dataset,K,status,loglik,nparams,aic,bic
poisson,1,ok,-5522.059522026611,16,11076.119044053223,11151.07283169591
poisson,2,ok,-2135.728607175421,23,4317.457214350842,4425.203284087204
poisson,3,ok,-2126.716916411051,29,4311.433832822102,4447.2875729244715
poisson,4,ok,-2125.8667781320282,34,4319.7335562640565,4479.010355004766
binomial,1,ok,-650.7772254435098,16,1333.5544508870196,1411.4253834384097
binomial,2,ok,-648.1402334148497,23,1342.2804668296994,1454.2199323723228
binomial,3,ok,-646.8118735582091,29,1351.6237471164181,1492.7648123658128
binomial,4,ok,-646.6574313455994,34,1361.3148626911989,1526.7905943629028
gaussian,1,ok,-1125.4860881057002,9,2268.9721762114004,2309.125389798584
gaussian,2,ok,-1051.348211944095,16,2134.69642388819,2206.0799147098496
gaussian,3,ok,-1048.664044500052,22,2141.328089000104,2239.4803888798856
gaussian,4,ok,-1045.8941669286164,27,2145.788333857233,2266.2479746187832
