"d","npar","logLik","aic","bic","aicc","converged","pd_hessian","seconds","error","status","message","dataset","selected_d"
1,16,-6663.86575361633,13359.7315072327,13434.6852948753,13360.4262709619,TRUE,NA,3.786,NA,"ok","","poisson",2
2,23,-2135.72861215622,4317.45722431244,4425.2032940488,4318.87990472481,TRUE,NA,11.673,NA,"ok","","poisson",2
3,29,-2126.71691672099,4311.43383344198,4447.28757354435,4313.69357370172,TRUE,NA,9.495,NA,"ok","","poisson",2
4,34,-2125.86678394977,4319.73356789954,4479.01036664025,4322.84467901065,TRUE,NA,14.591,NA,"ok","","poisson",2
1,16,-650.777225459739,1333.55445091948,1411.42538347087,1334.13133321004,TRUE,NA,0.826,NA,"ok","","binomial",1
2,23,-648.140237691233,1342.28047538247,1454.21994092509,1343.45996256195,TRUE,NA,1.292,NA,"ok","","binomial",1
3,29,-646.811877902387,1351.62375580477,1492.76482105417,1353.49472354671,TRUE,NA,1.691,NA,"ok","","binomial",1
4,34,-646.65743311572,1361.31486623144,1526.79059790314,1363.88783920441,TRUE,NA,2.805,NA,"ok","","binomial",1
1,17,-1122.26238374131,2278.52476748261,2354.36972648063,2279.5086903122,TRUE,NA,0.205000000000005,NA,"ok","","gaussian",2
2,24,-1048.38978880491,2144.77957760982,2251.85481384231,2146.73079712201,TRUE,NA,0.420000000000002,NA,"ok","","gaussian",2
3,30,-1045.77516743234,2151.55033486469,2285.3943801553,2154.6045220568,TRUE,NA,0.535000000000004,NA,"ok","","gaussian",2
4,35,-1043.16214825603,2156.32429651205,2312.47568268443,2160.49648194251,TRUE,NA,0.648999999999994,NA,"ok","","gaussian",2
